id,source_uuid,historical_model_name,recovered_model_name,recovered_major_version,original_sha256,source_relative_path,source_dataset,metadata_revision
ai_suno_unknown_02a1637c1859b1e1,1e03dfd4-38ec-4eba-af78-d80ee363fec1,unknown,chirp-fenix,v5.5,94e5de4810d757b6600d3fe41b6f58408ba415e2c05594c35461d7ff0f19dae0,audio/1e03dfd4-38ec-4eba-af78-d80ee363fec1.mp3,Kukedlc/suno-ai-music-dataset,bdff424e70c10ef62dca13ba43659ad9e7e1fcdb
ai_suno_unknown_03157c477b70d68c,7bbdaa05-879a-40ee-8bff-c3225b6cd9c6,unknown,chirp-fenix,v5.5,8f78fd1314f76ff28cd3c07a8b8370c22f1424b43202b2577db36b1dede182f3,audio/7bbdaa05-879a-40ee-8bff-c3225b6cd9c6.mp3,Kukedlc/suno-ai-music-dataset,bdff424e70c10ef62dca13ba43659ad9e7e1fcdb
ai_suno_unknown_045c19e769eebc0c,80b3e71c-2b80-4803-a403-84a02b5dad51,unknown,chirp-crow,v5,83ee921e0ad96d688cb8d8b72c9a674eddd93a6ee139dd418194bb5edf0ef5fb,audio/80b3e71c-2b80-4803-a403-84a02b5dad51.mp3,Kukedlc/suno-ai-music-dataset,bdff424e70c10ef62dca13ba43659ad9e7e1fcdb
ai_suno_unknown_0757aec80f01362c,d98cd569-0952-4e24-b2c3-a88da75fab36,unknown,chirp-crow,v5,307dc2130c01a8af8692ca59d78162569d09a16432b7b4e168f693150aeeb566,audio/d98cd569-0952-4e24-b2c3-a88da75fab36.mp3,Kukedlc/suno-ai-music-dataset,bdff424e70c10ef62dca13ba43659ad9e7e1fcdb
ai_suno_unknown_08c6b141f838252a,931275e4-23fa-4bef-b3f7-e24250986686,unknown,chirp-fenix,v5.5,9e212e4fbc25cdcf8cac4ee24f69b9dba49c405e55256d18550b0485951ce3e8,audio/931275e4-23fa-4bef-b3f7-e24250986686.mp3,Kukedlc/suno-ai-music-dataset,bdff424e70c10ef62dca13ba43659ad9e7e1fcdb
ai_suno_unknown_09f52756a4b93dfd,ad3f13f5-844e-4753-832f-925a98a5a967,unknown,chirp-crow,v5,4c2305559740767d0f05d5497afbf9550f5672b59228287c46575c5531a51d60,audio/ad3f13f5-844e-4753-832f-925a98a5a967.mp3,Kukedlc/suno-ai-music-dataset,bdff424e70c10ef62dca13ba43659ad9e7e1fcdb
ai_suno_unknown_0b316fac53b5a509,0f9bd8ea-2009-48ad-a055-152da836cef3,unknown,chirp-fenix,v5.5,e23ee8669cad92cdc5bd23a6515710ee15d0eece3d11bf37266049ee6d7ee69e,audio/0f9bd8ea-2009-48ad-a055-152da836cef3.mp3,Kukedlc/suno-ai-music-dataset,bdff424e70c10ef62dca13ba43659ad9e7e1fcdb
ai_suno_unknown_0cf7de1f26138903,b7780b4d-5c68-482e-a3f4-aeabd6678df1,unknown,chirp-crow,v5,91ad503868010d6b77052bc9ef4977a4c4487006e941b6cc43b0b9d824943c48,audio/b7780b4d-5c68-482e-a3f4-aeabd6678df1.mp3,Kukedlc/suno-ai-music-dataset,bdff424e70c10ef62dca13ba43659ad9e7e1fcdb
ai_suno_unknown_0d94b2e13987563e,c43aa251-4337-445d-81f9-6aa6edca6db4,unknown,chirp-fenix,v5.5,29b612273de5eaff62ecbb4601e27dad8434eeb6b868c6ffdd39add6fd328ec4,audio/c43aa251-4337-445d-81f9-6aa6edca6db4.mp3,Kukedlc/suno-ai-music-dataset,bdff424e70c10ef62dca13ba43659ad9e7e1fcdb
ai_suno_unknown_0da398a73a189592,5fdfb1fb-bc03-48a3-9ee9-59800f48fcb8,unknown,chirp-fenix,v5.5,e69f1b8cbfa9c8c8443c710da1c46c9b69e0b990d1851e76212dcc204556b30b,audio/5fdfb1fb-bc03-48a3-9ee9-59800f48fcb8.mp3,Kukedlc/suno-ai-music-dataset,bdff424e70c10ef62dca13ba43659ad9e7e1fcdb
ai_suno_unknown_0e64c8bbf1d7b54e,0039562a-c5f8-478c-87af-e7deac03529d,unknown,chirp-fenix,v5.5,ef004fde3f84c1c7dc04ba052a12d88776f86b048d68bcdaee59f4fc28de1a73,audio/0039562a-c5f8-478c-87af-e7deac03529d.mp3,Kukedlc/suno-ai-music-dataset,bdff424e70c10ef62dca13ba43659ad9e7e1fcdb
ai_suno_unknown_0ea51c933211d833,a11b6971-a069-464a-aeec-a6a08ef06c59,unknown,chirp-fenix,v5.5,4c6409effceebda7487778c131975b2f76006008acf4ab82ebdb6fb08cb187b3,audio/a11b6971-a069-464a-aeec-a6a08ef06c59.mp3,Kukedlc/suno-ai-music-dataset,bdff424e70c10ef62dca13ba43659ad9e7e1fcdb
ai_suno_unknown_107cd9076aac63e7,7fe6115a-c603-4be0-bb74-7dbe8d08f6ba,unknown,chirp-fenix,v5.5,2055f179d00c50ae06817df834b17be48c0b0fca149a4146e654a93ac59c9b0b,audio/7fe6115a-c603-4be0-bb74-7dbe8d08f6ba.mp3,Kukedlc/suno-ai-music-dataset,bdff424e70c10ef62dca13ba43659ad9e7e1fcdb
ai_suno_unknown_10be307c565f6662,7a4a024c-a8fd-414d-9b7f-1bd819cb6e03,unknown,chirp-crow,v5,e52be71a03d05f42eba2cc82da127d51c488d7f5b283f0240d996c5beaa516f3,audio/7a4a024c-a8fd-414d-9b7f-1bd819cb6e03.mp3,Kukedlc/suno-ai-music-dataset,bdff424e70c10ef62dca13ba43659ad9e7e1fcdb
ai_suno_unknown_1142cf77a96c5539,27933444-37bf-4c9a-8087-d852ff8aa917,unknown,chirp-crow,v5,9394f13916640ae029d97013e0e919a53d718c0908d78e4a6da5c9ca0483b910,audio/27933444-37bf-4c9a-8087-d852ff8aa917.mp3,Kukedlc/suno-ai-music-dataset,bdff424e70c10ef62dca13ba43659ad9e7e1fcdb
ai_suno_unknown_11fd4e798f2ad815,37e9d05b-2726-415d-ae02-b7faf57bf8c4,unknown,chirp-crow,v5,cb2ba0320627fcfff5f731e16872614297068ea55ee6601a8a48c3a98325c729,audio/37e9d05b-2726-415d-ae02-b7faf57bf8c4.mp3,Kukedlc/suno-ai-music-dataset,bdff424e70c10ef62dca13ba43659ad9e7e1fcdb
ai_suno_unknown_12de27b80094408c,62de3edc-b805-4335-80b1-7ba4b63313cd,unknown,chirp-crow,v5,d5e96aabd9f6967c7563a455ec3e34f824e463fea26bbd3ee928cc5a7d31af4b,audio/62de3edc-b805-4335-80b1-7ba4b63313cd.mp3,Kukedlc/suno-ai-music-dataset,bdff424e70c10ef62dca13ba43659ad9e7e1fcdb
ai_suno_unknown_13bd41deb2cd32f5,fe55f515-0f1d-498a-a746-36b4e026606d,unknown,chirp-crow,v5,774a705c977e51473a41c1115fd79087a0460d3dab4daaf30051ea958424bd4c,audio/fe55f515-0f1d-498a-a746-36b4e026606d.mp3,Kukedlc/suno-ai-music-dataset,bdff424e70c10ef62dca13ba43659ad9e7e1fcdb
ai_suno_unknown_14f20c76c38473c9,6e7053ca-a885-42d9-b6ab-6d194cf5ff9f,unknown,chirp-crow,v5,ef38c453a0cb31cba752ef2e8715af80c707482ad96a11e4a612b1bd51370c56,audio/6e7053ca-a885-42d9-b6ab-6d194cf5ff9f.mp3,Kukedlc/suno-ai-music-dataset,bdff424e70c10ef62dca13ba43659ad9e7e1fcdb
ai_suno_unknown_15065b779c98e08a,dd9fff9c-2b7b-41d1-a592-f9e496569e35,unknown,chirp-crow,v5,943fa78bf50ae2e54b83652ddb914d4ec5f32903d96fd1eea37b139cf0f10109,audio/dd9fff9c-2b7b-41d1-a592-f9e496569e35.mp3,Kukedlc/suno-ai-music-dataset,bdff424e70c10ef62dca13ba43659ad9e7e1fcdb
ai_suno_unknown_15d2e024ef206a00,7437ce46-fc86-4b2c-a37b-bd193c789293,unknown,chirp-fenix,v5.5,0d9a71ff26837112c3fc18007fb242b6b7dc3fa422f6f23c32c4a6a508074709,audio/7437ce46-fc86-4b2c-a37b-bd193c789293.mp3,Kukedlc/suno-ai-music-dataset,bdff424e70c10ef62dca13ba43659ad9e7e1fcdb
ai_suno_unknown_162ea79d47055289,a20d5dfe-ee26-4ed1-b8ab-35d4531ba4b1,unknown,chirp-fenix,v5.5,a667d7aa823c0a707ac2646f380681539067d08fcf6c6949b62bdc4bbbd96418,audio/a20d5dfe-ee26-4ed1-b8ab-35d4531ba4b1.mp3,Kukedlc/suno-ai-music-dataset,bdff424e70c10ef62dca13ba43659ad9e7e1fcdb
ai_suno_unknown_164ce1e046846d1f,2fb68ea0-588b-47ae-8564-62b2a359f5a0,unknown,chirp-crow,v5,c98c420373aae75f55cf33ce89b1cb8982d29b56efde4899df7708ed7bd1bef7,audio/2fb68ea0-588b-47ae-8564-62b2a359f5a0.mp3,Kukedlc/suno-ai-music-dataset,bdff424e70c10ef62dca13ba43659ad9e7e1fcdb
ai_suno_unknown_16ad3e9aecea8e66,96b39c20-4b0c-4177-a277-a6951014e035,unknown,chirp-fenix,v5.5,7dcc61dc0917f2230ab503ecad13ccc4ae8e04e1d326f8ccc94023b5a2cf18b9,audio/96b39c20-4b0c-4177-a277-a6951014e035.mp3,Kukedlc/suno-ai-music-dataset,bdff424e70c10ef62dca13ba43659ad9e7e1fcdb
ai_suno_unknown_16b336cdbbf9373b,7bb0715d-a1ec-4945-a186-c00c2369f5c7,unknown,chirp-crow,v5,be07132ec548a486dbd60651ee856bc9b7d303aa36e7ce43dce1b692f61ce787,audio/7bb0715d-a1ec-4945-a186-c00c2369f5c7.mp3,Kukedlc/suno-ai-music-dataset,bdff424e70c10ef62dca13ba43659ad9e7e1fcdb
ai_suno_unknown_19bb9d66e634425b,968c121b-6bb1-4ed3-a4fb-f979bdfba3f2,unknown,chirp-crow,v5,d60e1b247fdbe02bca1eab9e17b107529726cd1f3746140c94becf33d11f3e6c,audio/968c121b-6bb1-4ed3-a4fb-f979bdfba3f2.mp3,Kukedlc/suno-ai-music-dataset,bdff424e70c10ef62dca13ba43659ad9e7e1fcdb
ai_suno_unknown_1be5a15a9d6d3cdd,50d5510b-70cb-4725-9fbb-37ce296a750b,unknown,chirp-fenix,v5.5,a349c0454b9003defc3d1a79ef3d578bc6d984af0ab79b64ef943368da9421fd,audio/50d5510b-70cb-4725-9fbb-37ce296a750b.mp3,Kukedlc/suno-ai-music-dataset,bdff424e70c10ef62dca13ba43659ad9e7e1fcdb
ai_suno_unknown_20d8f8afec5ff07f,4748b9f6-b6a4-4a10-b1a4-1d6863a5057e,unknown,chirp-fenix,v5.5,023919ce8eeba1dee5b3dbab76a2dade2418deae14dd5c1e866d90d5e1ebcab2,audio/4748b9f6-b6a4-4a10-b1a4-1d6863a5057e.mp3,Kukedlc/suno-ai-music-dataset,bdff424e70c10ef62dca13ba43659ad9e7e1fcdb
ai_suno_unknown_21032bd8622e46db,5b54fba0-dd31-4919-b87d-e704013cbf2c,unknown,chirp-fenix,v5.5,291635febcfba103e3ddc13cb1cb5648b799a0b48895367ac0526ec9de1c26d7,audio/5b54fba0-dd31-4919-b87d-e704013cbf2c.mp3,Kukedlc/suno-ai-music-dataset,bdff424e70c10ef62dca13ba43659ad9e7e1fcdb
ai_suno_unknown_215bc3a6d18ee37a,c6fdf858-3d16-4e40-8a88-adaaf3037a56,unknown,chirp-crow,v5,729c5cf2eb9c3a90a8f383e819c5306eeb69cd537d51e08bd356794e51183e38,audio/c6fdf858-3d16-4e40-8a88-adaaf3037a56.mp3,Kukedlc/suno-ai-music-dataset,bdff424e70c10ef62dca13ba43659ad9e7e1fcdb
ai_suno_unknown_24ed30fcfa8a89d7,ee6ca424-18f1-4feb-be2d-a81d8f8f2076,unknown,chirp-crow,v5,938c65fb33b77c52efaacf96d0c954aaf164fa3d8c22ed18d2da161d7d5b1c2c,audio/ee6ca424-18f1-4feb-be2d-a81d8f8f2076.mp3,Kukedlc/suno-ai-music-dataset,bdff424e70c10ef62dca13ba43659ad9e7e1fcdb
ai_suno_unknown_25ac27ba8564cfef,029ac549-4eaf-4e60-a65a-b4c40beb34c7,unknown,chirp-fenix,v5.5,a977d308986876f75b6546c9baf77dac7b0a05c4b91e678debbbfbba6107e456,audio/029ac549-4eaf-4e60-a65a-b4c40beb34c7.mp3,Kukedlc/suno-ai-music-dataset,bdff424e70c10ef62dca13ba43659ad9e7e1fcdb
ai_suno_unknown_275c3497d77ef2df,d93f05a7-6cbe-45ff-9b34-58bdeab412c7,unknown,chirp-fenix,v5.5,362bcfab2da1717618cdaa56f37500a75680e504f301e9064029462115104eea,audio/d93f05a7-6cbe-45ff-9b34-58bdeab412c7.mp3,Kukedlc/suno-ai-music-dataset,bdff424e70c10ef62dca13ba43659ad9e7e1fcdb
ai_suno_unknown_2827e7988f1bf96f,fd9106ac-f48a-440f-92ba-18e666cae9c0,unknown,chirp-fenix,v5.5,11bdcbb12ad86017624a42cfde62a6d9caa2665e07f0bfe89aa1be848c85a2e2,audio/fd9106ac-f48a-440f-92ba-18e666cae9c0.mp3,Kukedlc/suno-ai-music-dataset,bdff424e70c10ef62dca13ba43659ad9e7e1fcdb
ai_suno_unknown_2abd77f9661b8835,95596831-560f-4b99-a728-3b2ef5322420,unknown,chirp-fenix,v5.5,7706691b525dad9856eccfd535aee27c7a7090a7cf282b38e8302e0774daeabe,audio/95596831-560f-4b99-a728-3b2ef5322420.mp3,Kukedlc/suno-ai-music-dataset,bdff424e70c10ef62dca13ba43659ad9e7e1fcdb
ai_suno_unknown_2babacabb3573bbb,f42d7c8a-3782-4033-a0fd-0b06bdd3a477,unknown,chirp-fenix,v5.5,354a144bbde4b63ca34e53d1e9c119d81af94fd39309200843c54ccfb4b5a8c9,audio/f42d7c8a-3782-4033-a0fd-0b06bdd3a477.mp3,Kukedlc/suno-ai-music-dataset,bdff424e70c10ef62dca13ba43659ad9e7e1fcdb
ai_suno_unknown_2bd3fe411dc57d65,bb7445ef-8129-4aa3-9864-82b8d9aa1a3f,unknown,chirp-fenix,v5.5,8b5bee8ceaf5b6aeccfcc356d28243f53d4f170086100e886f5ffa1dbd2f3966,audio/bb7445ef-8129-4aa3-9864-82b8d9aa1a3f.mp3,Kukedlc/suno-ai-music-dataset,bdff424e70c10ef62dca13ba43659ad9e7e1fcdb
ai_suno_unknown_2d74f8f476ab880f,f6074b4f-f5d1-4916-b1ac-367dc2843b7d,unknown,chirp-crow,v5,6e33e0554603296ccaa0248cae62ffd1e6cd272a87cff2c17215244d35e8e8c5,audio/f6074b4f-f5d1-4916-b1ac-367dc2843b7d.mp3,Kukedlc/suno-ai-music-dataset,bdff424e70c10ef62dca13ba43659ad9e7e1fcdb
ai_suno_unknown_2e4004ffd08d3626,401cf0cb-d9b6-4250-a0bd-8d36da2332d4,unknown,chirp-crow,v5,809932ec71cfc5f57053af7017f510824b8c5deea6bad45174964d4048dbee5e,audio/401cf0cb-d9b6-4250-a0bd-8d36da2332d4.mp3,Kukedlc/suno-ai-music-dataset,bdff424e70c10ef62dca13ba43659ad9e7e1fcdb
ai_suno_unknown_2e9e59c7704a72d8,df12bca9-6e54-4133-a7bc-e876f47185b8,unknown,chirp-fenix,v5.5,4d28de8216eb2a6e98bc92b6e2bab4722b75b454c4173eb9224f2131f0b9ef38,audio/df12bca9-6e54-4133-a7bc-e876f47185b8.mp3,Kukedlc/suno-ai-music-dataset,bdff424e70c10ef62dca13ba43659ad9e7e1fcdb
ai_suno_unknown_2eb2b683c0ddcb0c,cd68a399-f932-444f-a50e-320b6aee1666,unknown,chirp-crow,v5,96db1e4d964987cff9a4f7210636d3c5b1c5c98b5f3bfb55dc20651d5f2a80b9,audio/cd68a399-f932-444f-a50e-320b6aee1666.mp3,Kukedlc/suno-ai-music-dataset,bdff424e70c10ef62dca13ba43659ad9e7e1fcdb
ai_suno_unknown_2ee5af9baa455fc1,0f9da585-04e8-423f-ab87-8876991a4378,unknown,chirp-fenix,v5.5,530eb5e0f7e24924308f0c44b0045146416339b58645e894fe64c82bb54759d8,audio/0f9da585-04e8-423f-ab87-8876991a4378.mp3,Kukedlc/suno-ai-music-dataset,bdff424e70c10ef62dca13ba43659ad9e7e1fcdb
ai_suno_unknown_2f815584cb8cbcd8,19a34398-19ee-42c5-b1e9-307dcbfdae5c,unknown,chirp-fenix,v5.5,263facf4e180bc55ea1c2c6bf03bf16a4d9e3cc4e96c4ade18a5205aa3c997be,audio/19a34398-19ee-42c5-b1e9-307dcbfdae5c.mp3,Kukedlc/suno-ai-music-dataset,bdff424e70c10ef62dca13ba43659ad9e7e1fcdb
ai_suno_unknown_30597e7d706abe4f,081da149-92eb-419e-90e6-8cba3aede6aa,unknown,chirp-fenix,v5.5,4c145a327b0cd7a7d5d089c9c72f05abd3e390593e6fd16ef8c8407a679bf9c0,audio/081da149-92eb-419e-90e6-8cba3aede6aa.mp3,Kukedlc/suno-ai-music-dataset,bdff424e70c10ef62dca13ba43659ad9e7e1fcdb
ai_suno_unknown_305a92393aae15b8,eda3cd13-a1c3-4272-9226-20280055c679,unknown,chirp-fenix,v5.5,1863a9e35b9edbc6e8a3bae87bc2b96eceebbcbc5cc190313d8af65c01ce822e,audio/eda3cd13-a1c3-4272-9226-20280055c679.mp3,Kukedlc/suno-ai-music-dataset,bdff424e70c10ef62dca13ba43659ad9e7e1fcdb
ai_suno_unknown_30a3137ac4019b19,6757a303-593c-405e-9f92-b6d2cf4820f5,unknown,chirp-crow,v5,f56ee97fd9f9145c8a7581a7756c9952af2d83fde5c16e78beb88da464546e0f,audio/6757a303-593c-405e-9f92-b6d2cf4820f5.mp3,Kukedlc/suno-ai-music-dataset,bdff424e70c10ef62dca13ba43659ad9e7e1fcdb
ai_suno_unknown_30fe67c81b48acc0,37418c75-0e0c-44fb-8f0e-d2b48de179d1,unknown,chirp-fenix,v5.5,83710bb5bd6a7eb36436b5174aec73142a410e4fbb683fe45776785372250e2f,audio/37418c75-0e0c-44fb-8f0e-d2b48de179d1.mp3,Kukedlc/suno-ai-music-dataset,bdff424e70c10ef62dca13ba43659ad9e7e1fcdb
ai_suno_unknown_35021d60efa5f0e1,43264e67-a3c4-4cd3-81bc-b1f46795cb60,unknown,chirp-auk,v4.5-all,42f08af1d1faf623f5ea83990e7d741c04637bf02e701386ddebe2f84b8d34a0,audio/43264e67-a3c4-4cd3-81bc-b1f46795cb60.mp3,Kukedlc/suno-ai-music-dataset,bdff424e70c10ef62dca13ba43659ad9e7e1fcdb
ai_suno_unknown_351f91d3bcce59c8,cdef5b33-ffcf-41a6-9988-a342d1ce7042,unknown,chirp-v3,v3.5,a242421c5594b2a00eb0244e24a265270044126301ed297e3882dec118915a54,audio/cdef5b33-ffcf-41a6-9988-a342d1ce7042.mp3,Kukedlc/suno-ai-music-dataset,bdff424e70c10ef62dca13ba43659ad9e7e1fcdb
ai_suno_unknown_3720d8fdd6c809c0,063dcebc-3304-4a1e-9f6f-d1712dd9b8d8,unknown,chirp-crow,v5,8d5625af37b424182f32ed8c885454c5215ec16ca151a1494a1ab6905d20e084,audio/063dcebc-3304-4a1e-9f6f-d1712dd9b8d8.mp3,Kukedlc/suno-ai-music-dataset,bdff424e70c10ef62dca13ba43659ad9e7e1fcdb
ai_suno_unknown_37d46e1ee0482b14,6714badd-7175-447d-8608-8199d8f1b256,unknown,chirp-fenix,v5.5,f75b9a546ea7c64d1bb0fa14113ebb5a143272e7f7b87927bc91b1d1e4add02b,audio/6714badd-7175-447d-8608-8199d8f1b256.mp3,Kukedlc/suno-ai-music-dataset,bdff424e70c10ef62dca13ba43659ad9e7e1fcdb
ai_suno_unknown_3815b0b6e5113025,05257899-95e9-48e0-9345-adb9a5ff9477,unknown,chirp-fenix,v5.5,c2afa43fe321141220b56dca5b9d264c6f4e8cdfe40557ef9a5f4d168a961647,audio/05257899-95e9-48e0-9345-adb9a5ff9477.mp3,Kukedlc/suno-ai-music-dataset,bdff424e70c10ef62dca13ba43659ad9e7e1fcdb
ai_suno_unknown_3827e2610e9e6dc4,83888ab4-a1cd-4ae9-8c3c-426fc5d696e8,unknown,chirp-crow,v5,8dfa8908a2f0f97fde1b9675aca31eb3658920e887e0a42170c4e3fce40a84c5,audio/83888ab4-a1cd-4ae9-8c3c-426fc5d696e8.mp3,Kukedlc/suno-ai-music-dataset,bdff424e70c10ef62dca13ba43659ad9e7e1fcdb
ai_suno_unknown_38d978871c73b6d9,4030cffd-1727-4ae8-9c4a-c55db2ce2a54,unknown,chirp-crow,v5,1413476f8298f2d2824370addca9774befab465685cefc058c03b0f72686f757,audio/4030cffd-1727-4ae8-9c4a-c55db2ce2a54.mp3,Kukedlc/suno-ai-music-dataset,bdff424e70c10ef62dca13ba43659ad9e7e1fcdb
ai_suno_unknown_3a2798328395e82b,e0f172ea-9791-40e9-a744-47bd2d4c0e41,unknown,chirp-fenix,v5.5,3a5f0db80e506955d23362f45fcd89ac7c354d49f5572bdb20f4931b408bcd8c,audio/e0f172ea-9791-40e9-a744-47bd2d4c0e41.mp3,Kukedlc/suno-ai-music-dataset,bdff424e70c10ef62dca13ba43659ad9e7e1fcdb
ai_suno_unknown_3d27c84d16901aa8,08f05407-3b13-4c52-9539-7e9bd3937944,unknown,chirp-fenix,v5.5,6b1c7976da0d4e05573ae9e9c44882ba5ef24d35520efa4f97083d4556da868a,audio/08f05407-3b13-4c52-9539-7e9bd3937944.mp3,Kukedlc/suno-ai-music-dataset,bdff424e70c10ef62dca13ba43659ad9e7e1fcdb
ai_suno_unknown_3db7d11384c18dfa,93ed1777-684e-4bba-9058-a64f938fad23,unknown,chirp-v3,v3.5,ca27e02c2252f1348af16634811052b27db2b3c0ac4134cd51ed10287925c2a4,audio/93ed1777-684e-4bba-9058-a64f938fad23.mp3,Kukedlc/suno-ai-music-dataset,bdff424e70c10ef62dca13ba43659ad9e7e1fcdb
ai_suno_unknown_3e19721e9e114f3e,ca07b015-9921-4cbf-8023-33848826bfe2,unknown,chirp-crow,v5,f2994846779a6a5e6bfef5d2bf2971499bad1e0a051b9d94d17e16dc7441fae8,audio/ca07b015-9921-4cbf-8023-33848826bfe2.mp3,Kukedlc/suno-ai-music-dataset,bdff424e70c10ef62dca13ba43659ad9e7e1fcdb
ai_suno_unknown_4039cc7d8b3bcb57,3e7f64c6-5e98-43ea-89ae-e8e5bc76b644,unknown,chirp-crow,v5,e9e841eb83f4b0c11e9a5bae39ac288d4503a15acfa41adf9485b6dffdd6efd7,audio/3e7f64c6-5e98-43ea-89ae-e8e5bc76b644.mp3,Kukedlc/suno-ai-music-dataset,bdff424e70c10ef62dca13ba43659ad9e7e1fcdb
ai_suno_unknown_404e826d94af548e,c01039f6-2e79-4d54-86ca-7a19e6930401,unknown,chirp-fenix,v5.5,1d6cc8d5719843cc1c70bd954d9596a7d3dcb94531c203df2e6df0e7b0d12555,audio/c01039f6-2e79-4d54-86ca-7a19e6930401.mp3,Kukedlc/suno-ai-music-dataset,bdff424e70c10ef62dca13ba43659ad9e7e1fcdb
ai_suno_unknown_41a1a8fc1b12d395,d555f908-b34c-40fe-90d5-5b03b45f3cb3,unknown,chirp-fenix,v5.5,6cfd6181e9d982e4648df3706519ed376d50091fc5a16d808c13d7651dee31c3,audio/d555f908-b34c-40fe-90d5-5b03b45f3cb3.mp3,Kukedlc/suno-ai-music-dataset,bdff424e70c10ef62dca13ba43659ad9e7e1fcdb
ai_suno_unknown_42dd481274e991bc,71f1c6f2-fda1-4c3e-9234-238f6e590c77,unknown,chirp-crow,v5,3e0108e4ad259f170170a0ef93ed1d34704db48122591d83c7361793b61c5479,audio/71f1c6f2-fda1-4c3e-9234-238f6e590c77.mp3,Kukedlc/suno-ai-music-dataset,bdff424e70c10ef62dca13ba43659ad9e7e1fcdb
ai_suno_unknown_45f5a21a5b501f76,6ae04183-8e92-48f7-bf98-1613b73e207b,unknown,chirp-fenix,v5.5,840f74c4b6dab753fe04b5626c0c8c88a7cf4effe13a891dbf313ce82c86da21,audio/6ae04183-8e92-48f7-bf98-1613b73e207b.mp3,Kukedlc/suno-ai-music-dataset,bdff424e70c10ef62dca13ba43659ad9e7e1fcdb
ai_suno_unknown_46188d7344a9663a,fa5b2166-d865-4a18-b81f-280b1582e871,unknown,chirp-fenix,v5.5,10e5b93acb4d8061a638116df65307b0691dd98ffdcd377c1f88749f5e74513e,audio/fa5b2166-d865-4a18-b81f-280b1582e871.mp3,Kukedlc/suno-ai-music-dataset,bdff424e70c10ef62dca13ba43659ad9e7e1fcdb
ai_suno_unknown_464ebe11c771b359,ec2e0f5b-5084-4304-9a2e-501187b29ede,unknown,chirp-fenix,v5.5,28f9c031ac54fe76a4784003364c330b54a5734f5f4a1b52d5ef94a61c8b542c,audio/ec2e0f5b-5084-4304-9a2e-501187b29ede.mp3,Kukedlc/suno-ai-music-dataset,bdff424e70c10ef62dca13ba43659ad9e7e1fcdb
ai_suno_unknown_4682ab1930523a71,d26c09db-c6f5-48a6-8adf-06749a754dc0,unknown,chirp-crow,v5,7bb2abde545f90e92892e82ac1f3fcecae3b7374d282bd98ab1c1123d5bb4c8d,audio/d26c09db-c6f5-48a6-8adf-06749a754dc0.mp3,Kukedlc/suno-ai-music-dataset,bdff424e70c10ef62dca13ba43659ad9e7e1fcdb
ai_suno_unknown_473f80bec5dbb381,2dbcb598-e69c-4f0a-a4b9-528cd52599b0,unknown,chirp-fenix,v5.5,427dec56a90f299e619d1893f88c1c48b170887108d0a30cf8c910e603123814,audio/2dbcb598-e69c-4f0a-a4b9-528cd52599b0.mp3,Kukedlc/suno-ai-music-dataset,bdff424e70c10ef62dca13ba43659ad9e7e1fcdb
ai_suno_unknown_4a5c61b0c70f069f,942a9b24-8c5b-4ee3-ad27-b175bff66ef9,unknown,chirp-crow,v5,3a47034f848f4e52526cbb08bd993f8d613a6fd8ab892bab2e829dc9c554ca09,audio/942a9b24-8c5b-4ee3-ad27-b175bff66ef9.mp3,Kukedlc/suno-ai-music-dataset,bdff424e70c10ef62dca13ba43659ad9e7e1fcdb
ai_suno_unknown_4ad197c2d89b299a,b0781922-edeb-46fb-8b62-4c1c89412d3a,unknown,chirp-crow,v5,4d94025f3cc85087dfd1b0e18dd9f0ecc711e0017abcc98c39919bba7ac86542,audio/b0781922-edeb-46fb-8b62-4c1c89412d3a.mp3,Kukedlc/suno-ai-music-dataset,bdff424e70c10ef62dca13ba43659ad9e7e1fcdb
ai_suno_unknown_4e1465f5e320392b,b45c04f3-0544-4322-a66c-a1165e7bcb78,unknown,chirp-crow,v5,e6f2eaf9331fc47ab09857c94144181f80592942f5b62d237a4bd71b7f447740,audio/b45c04f3-0544-4322-a66c-a1165e7bcb78.mp3,Kukedlc/suno-ai-music-dataset,bdff424e70c10ef62dca13ba43659ad9e7e1fcdb
ai_suno_unknown_4f0dff4a82f4a38f,6bded2d8-d3f3-485b-866c-e8a2356ee614,unknown,chirp-fenix,v5.5,6b7258e321f2451dcf4f0713bc2c92b9491c7cd185be174198a6723473e074e5,audio/6bded2d8-d3f3-485b-866c-e8a2356ee614.mp3,Kukedlc/suno-ai-music-dataset,bdff424e70c10ef62dca13ba43659ad9e7e1fcdb
ai_suno_unknown_50b3d7e222d631f4,54c59246-4137-4712-8ea1-aac27c4849b7,unknown,chirp-crow,v5,c4e97a0f42a20825e7a87f82097166c29622f62dc9fcea32444a1ee371f98d1a,audio/54c59246-4137-4712-8ea1-aac27c4849b7.mp3,Kukedlc/suno-ai-music-dataset,bdff424e70c10ef62dca13ba43659ad9e7e1fcdb
ai_suno_unknown_514719dd84b31293,429a7948-40ba-4ac8-854b-335724fae71f,unknown,chirp-fenix,v5.5,edc95617a32ab09328c68d0debfb93f30390831d6193a1129c1a9c9c4eab0126,audio/429a7948-40ba-4ac8-854b-335724fae71f.mp3,Kukedlc/suno-ai-music-dataset,bdff424e70c10ef62dca13ba43659ad9e7e1fcdb
ai_suno_unknown_517da4961ace2e6a,5118c100-2a25-470f-80dd-86a22882725f,unknown,chirp-fenix,v5.5,42510154b8b7330c014576678ef2da3f16f096665494a59e644d24fcdd5584ad,audio/5118c100-2a25-470f-80dd-86a22882725f.mp3,Kukedlc/suno-ai-music-dataset,bdff424e70c10ef62dca13ba43659ad9e7e1fcdb
ai_suno_unknown_51dbdb5b46559295,d069f665-df84-4edd-8dee-2a55e04ef18c,unknown,chirp-crow,v5,32f512b5c0917241027c24dc844a69bdb422b2fedf2188072f1fbee7d37790bb,audio/d069f665-df84-4edd-8dee-2a55e04ef18c.mp3,Kukedlc/suno-ai-music-dataset,bdff424e70c10ef62dca13ba43659ad9e7e1fcdb
ai_suno_unknown_5210f6092e113e90,9c2b286f-d53c-4ee2-9010-707bdbd8cf4d,unknown,chirp-fenix,v5.5,9ef849c80e10052fbfed84741236b3a41bcf32690dc939e8f0c63f0d03f9f960,audio/9c2b286f-d53c-4ee2-9010-707bdbd8cf4d.mp3,Kukedlc/suno-ai-music-dataset,bdff424e70c10ef62dca13ba43659ad9e7e1fcdb
ai_suno_unknown_5295f005170912b6,39b37ce8-c0f2-47c3-bd82-bf3c1f39fc01,unknown,chirp-fenix,v5.5,f4a634cb75583750aca091fc95f06af7dbd3728cf0aaee97620a0f8293ee29d0,audio/39b37ce8-c0f2-47c3-bd82-bf3c1f39fc01.mp3,Kukedlc/suno-ai-music-dataset,bdff424e70c10ef62dca13ba43659ad9e7e1fcdb
ai_suno_unknown_52fa2cf5da098e68,68fa4a8f-541f-4001-8eac-af81536e465b,unknown,chirp-crow,v5,d7d9d1e74f81e112c16e95f5703728f89eefd60a69deb6f2b2abf0a10dc828ed,audio/68fa4a8f-541f-4001-8eac-af81536e465b.mp3,Kukedlc/suno-ai-music-dataset,bdff424e70c10ef62dca13ba43659ad9e7e1fcdb
ai_suno_unknown_5392888e1e0ae235,367db283-2830-4143-8f23-04d27c16edfa,unknown,chirp-fenix,v5.5,ac0248526d290c21ba5ec4d17b3328819eff420caad726a97e01e5215e4ef261,audio/367db283-2830-4143-8f23-04d27c16edfa.mp3,Kukedlc/suno-ai-music-dataset,bdff424e70c10ef62dca13ba43659ad9e7e1fcdb
ai_suno_unknown_542020c32924e4fd,cfa9b496-347e-4a6e-beac-2a9aed96c820,unknown,chirp-fenix,v5.5,8c88aa6f612139ba14aa8e2e7066cfae5b0ecf01ef23d11d01fdffb4f38422a5,audio/cfa9b496-347e-4a6e-beac-2a9aed96c820.mp3,Kukedlc/suno-ai-music-dataset,bdff424e70c10ef62dca13ba43659ad9e7e1fcdb
ai_suno_unknown_55ef7ab509af5619,e865c4e0-53c9-49be-be03-d6452fb9c57c,unknown,chirp-crow,v5,24bd136f252666ff336f1bee3f8e0e3056749053a6fe08262eb7b916a4f2834a,audio/e865c4e0-53c9-49be-be03-d6452fb9c57c.mp3,Kukedlc/suno-ai-music-dataset,bdff424e70c10ef62dca13ba43659ad9e7e1fcdb
ai_suno_unknown_55f8c8164fcd550d,edc9302c-23a9-45c5-888e-cec92bdfec11,unknown,chirp-crow,v5,14d5856ef5a07d185dfabffc49923d91996dbdda3a968005bef4ab6a5c3f5896,audio/edc9302c-23a9-45c5-888e-cec92bdfec11.mp3,Kukedlc/suno-ai-music-dataset,bdff424e70c10ef62dca13ba43659ad9e7e1fcdb
ai_suno_unknown_583ad4ec5402056c,66eda829-61fc-4bd7-aedd-6ddb75b170ac,unknown,chirp-crow,v5,cfc017fa9c6dd34ac730702682170c27aed0aae878b3e846dce000196ddb2d04,audio/66eda829-61fc-4bd7-aedd-6ddb75b170ac.mp3,Kukedlc/suno-ai-music-dataset,bdff424e70c10ef62dca13ba43659ad9e7e1fcdb
ai_suno_unknown_58c398c13834f7a8,4b105da9-7ce7-4859-8d2b-5ffb07559d5a,unknown,chirp-crow,v5,8d39ed50a588ea963f6440e66cf42d34b51250c7c75792653874234d8c774497,audio/4b105da9-7ce7-4859-8d2b-5ffb07559d5a.mp3,Kukedlc/suno-ai-music-dataset,bdff424e70c10ef62dca13ba43659ad9e7e1fcdb
ai_suno_unknown_5947d7ee103425d9,0fed3563-bcc4-4463-ae37-3460308c5a6b,unknown,chirp-crow,v5,aaea64c25449cbd0607916167dcb4a638df7ff3f4b4ece534512a707c0fcac04,audio/0fed3563-bcc4-4463-ae37-3460308c5a6b.mp3,Kukedlc/suno-ai-music-dataset,bdff424e70c10ef62dca13ba43659ad9e7e1fcdb
ai_suno_unknown_5976e1d400b37825,851d1490-4925-4f7f-b8c9-ba7e8d67d0c7,unknown,chirp-fenix,v5.5,761a3a2b392303e1b67c7b803337ec522afa6c4f98bd29e4ecf6e5b5197fe8a4,audio/851d1490-4925-4f7f-b8c9-ba7e8d67d0c7.mp3,Kukedlc/suno-ai-music-dataset,bdff424e70c10ef62dca13ba43659ad9e7e1fcdb
ai_suno_unknown_5a7fe3656ea2e200,1ad64265-0f9f-4feb-b04b-46618c6efeb6,unknown,chirp-fenix,v5.5,a65eefa059dce3517e362f50b37006ac31402151257fbd345b2829cc96c6644f,audio/1ad64265-0f9f-4feb-b04b-46618c6efeb6.mp3,Kukedlc/suno-ai-music-dataset,bdff424e70c10ef62dca13ba43659ad9e7e1fcdb
ai_suno_unknown_5db363e18b6eb70e,27756119-c17a-4ae6-b85a-49a0ee1e458a,unknown,chirp-fenix,v5.5,0ed7c430c2291ed28bd461b49fe2af24d70604660b249f1454e6faba34957c0c,audio/27756119-c17a-4ae6-b85a-49a0ee1e458a.mp3,Kukedlc/suno-ai-music-dataset,bdff424e70c10ef62dca13ba43659ad9e7e1fcdb
ai_suno_unknown_5e00e7019916f5f9,dcbe17c9-eca0-4008-bae2-abc2035cff02,unknown,chirp-fenix,v5.5,60563fc13f22413473a2054a0c5c6a67b74a8ce64c5d27f3ef79ce51d01d17f8,audio/dcbe17c9-eca0-4008-bae2-abc2035cff02.mp3,Kukedlc/suno-ai-music-dataset,bdff424e70c10ef62dca13ba43659ad9e7e1fcdb
ai_suno_unknown_5f0fbee77d2d2b2b,4df60572-8021-4825-81fe-449072a36556,unknown,chirp-fenix,v5.5,c8b45ac78df09c82ba3ad145537847e2c750c4a3d2a42c692fbd775d9b044e6f,audio/4df60572-8021-4825-81fe-449072a36556.mp3,Kukedlc/suno-ai-music-dataset,bdff424e70c10ef62dca13ba43659ad9e7e1fcdb
ai_suno_unknown_601d4a4d8141f7fe,4a34e962-cd40-404e-b98d-6fd0ee9126ea,unknown,chirp-crow,v5,edb109a3c6b1cdfe960717693968569ff9c6dcda8d761e23be834d54f6ba1b1b,audio/4a34e962-cd40-404e-b98d-6fd0ee9126ea.mp3,Kukedlc/suno-ai-music-dataset,bdff424e70c10ef62dca13ba43659ad9e7e1fcdb
ai_suno_unknown_608a33a9d73a375f,f5534ef9-3241-4a86-9ee2-790be565cc05,unknown,chirp-fenix,v5.5,c2798fb06d8f744143a1ffee23c2368dc3cca997cab7a8afa1a3cc5edfd01cc6,audio/f5534ef9-3241-4a86-9ee2-790be565cc05.mp3,Kukedlc/suno-ai-music-dataset,bdff424e70c10ef62dca13ba43659ad9e7e1fcdb
ai_suno_unknown_6157712a52b16494,fa2d2840-bf14-4750-8945-a56cf971f569,unknown,chirp-crow,v5,7b09eb117e7812f992540959f2529b6d7783835c6733f9f75447d27801f180de,audio/fa2d2840-bf14-4750-8945-a56cf971f569.mp3,Kukedlc/suno-ai-music-dataset,bdff424e70c10ef62dca13ba43659ad9e7e1fcdb
ai_suno_unknown_62c1d9a8229dc775,691fae46-5d33-46b5-95b2-98dec564773e,unknown,chirp-crow,v5,fd46903b3859a62575923f1209c204cf5ee59dfb87a1ea175c2a522bfa83d021,audio/691fae46-5d33-46b5-95b2-98dec564773e.mp3,Kukedlc/suno-ai-music-dataset,bdff424e70c10ef62dca13ba43659ad9e7e1fcdb
ai_suno_unknown_62c71e12198fd140,0ab5e317-547e-4fcc-bdf9-6d54bc6bccca,unknown,chirp-crow,v5,3c42176400bf2cdb9ed794d371d5585e2d807f74e15e62ebdb529a1165e17c85,audio/0ab5e317-547e-4fcc-bdf9-6d54bc6bccca.mp3,Kukedlc/suno-ai-music-dataset,bdff424e70c10ef62dca13ba43659ad9e7e1fcdb
ai_suno_unknown_63c8ee451b3df5fa,8c81c621-44c0-4b83-bc2b-e1be478cac08,unknown,chirp-fenix,v5.5,dbfb4226fa903b75d59791852c7f42101421ab44cc980d58402f90242868158e,audio/8c81c621-44c0-4b83-bc2b-e1be478cac08.mp3,Kukedlc/suno-ai-music-dataset,bdff424e70c10ef62dca13ba43659ad9e7e1fcdb
ai_suno_unknown_6404d75506be1e1b,b375e1d9-2e32-4ee9-8974-113b4b24211d,unknown,chirp-crow,v5,6d035451f10f2ec80330d1bd0462d14141d9564885336740c9ddcb2eaa0b616c,audio/b375e1d9-2e32-4ee9-8974-113b4b24211d.mp3,Kukedlc/suno-ai-music-dataset,bdff424e70c10ef62dca13ba43659ad9e7e1fcdb
ai_suno_unknown_64442dbd254124d7,7b57e41c-ab8c-436b-951b-e70a09fdc7dd,unknown,chirp-crow,v5,ea8dc77e07b5b85b896a61628a24d2f447cd34456468215d35e92167ce253423,audio/7b57e41c-ab8c-436b-951b-e70a09fdc7dd.mp3,Kukedlc/suno-ai-music-dataset,bdff424e70c10ef62dca13ba43659ad9e7e1fcdb
ai_suno_unknown_647ff21370b7c5dd,621a209a-c7be-4b84-a516-23290410fd6b,unknown,chirp-fenix,v5.5,f92ef71ae8bd725b86d65714284e7f52efec2f0037cd2505eb27c5e705010274,audio/621a209a-c7be-4b84-a516-23290410fd6b.mp3,Kukedlc/suno-ai-music-dataset,bdff424e70c10ef62dca13ba43659ad9e7e1fcdb
ai_suno_unknown_64d45afefa6d28d0,d18c6861-06d0-44c0-8807-8aa1e224379d,unknown,chirp-fenix,v5.5,18be8d875b1fc4c4c48964acbc6fed15e9cba425049ec22ef9a3ab5036ca96d7,audio/d18c6861-06d0-44c0-8807-8aa1e224379d.mp3,Kukedlc/suno-ai-music-dataset,bdff424e70c10ef62dca13ba43659ad9e7e1fcdb
ai_suno_unknown_65812acb2a67b04d,4ce29c50-ae81-4c99-8d45-29996acaa57f,unknown,chirp-crow,v5,9009abc7255d1027507bd1c415cad2426b4c8dca5b72c3f781b1821e22db99c6,audio/4ce29c50-ae81-4c99-8d45-29996acaa57f.mp3,Kukedlc/suno-ai-music-dataset,bdff424e70c10ef62dca13ba43659ad9e7e1fcdb
ai_suno_unknown_6840d1d00ec50722,0f6f7143-db80-407b-9352-a482bc8bf501,unknown,chirp-fenix,v5.5,bfb7ff86c19d9b0ed4c5c4cc665685b62cd279b635aee1c2fc8801fd183d637b,audio/0f6f7143-db80-407b-9352-a482bc8bf501.mp3,Kukedlc/suno-ai-music-dataset,bdff424e70c10ef62dca13ba43659ad9e7e1fcdb
ai_suno_unknown_694d2adeb192d4ff,a2612c31-b0af-426f-854e-32439e494a88,unknown,chirp-crow,v5,7c04a8629e153dbff6e413193e5a1cf61445a72b19207d9af61240a1079227cc,audio/a2612c31-b0af-426f-854e-32439e494a88.mp3,Kukedlc/suno-ai-music-dataset,bdff424e70c10ef62dca13ba43659ad9e7e1fcdb
ai_suno_unknown_6a1352f0394b5042,f8dfe0ae-ee1e-406a-864b-2b1fca7a6c30,unknown,chirp-v4,v4,94b6a66a8929092d9eac900f9683ba8c938a9df5ea97fc5597cffa1fe323267b,audio/f8dfe0ae-ee1e-406a-864b-2b1fca7a6c30.mp3,Kukedlc/suno-ai-music-dataset,bdff424e70c10ef62dca13ba43659ad9e7e1fcdb
ai_suno_unknown_6b4b8ee102675ce5,f2019981-5e42-4bf2-a93a-a100a84372ce,unknown,chirp-fenix,v5.5,2c2dbaa8cf7fc206a8479d9ed3044b77e2ddfb5347e3ae45a5a7b14ab0941fa4,audio/f2019981-5e42-4bf2-a93a-a100a84372ce.mp3,Kukedlc/suno-ai-music-dataset,bdff424e70c10ef62dca13ba43659ad9e7e1fcdb
ai_suno_unknown_6bbe5ccf4b15ac97,ea58d2fe-07c5-4779-95db-f673f8fe67b1,unknown,chirp-crow,v5,6e94be9da4906abd4f22cdfe99d79971c95df6196bc89cda7cd68b9593ebcb23,audio/ea58d2fe-07c5-4779-95db-f673f8fe67b1.mp3,Kukedlc/suno-ai-music-dataset,bdff424e70c10ef62dca13ba43659ad9e7e1fcdb
ai_suno_unknown_6c7de18c3e32dd4b,bb1a296a-3ed7-4d46-b599-39cd57ab6a40,unknown,chirp-crow,v5,ad7b0b87d7bbba9452af859feb490875e96da15f32d6d305ec809bda72f2d360,audio/bb1a296a-3ed7-4d46-b599-39cd57ab6a40.mp3,Kukedlc/suno-ai-music-dataset,bdff424e70c10ef62dca13ba43659ad9e7e1fcdb
ai_suno_unknown_6c8a6307f57fe86f,48ccb42c-3835-4a1f-be82-bda3b07bfa4b,unknown,chirp-fenix,v5.5,f3e7b8d56e94a428823c04ce69ceec8372a75b32098e2de43b19edd46f2ef8e5,audio/48ccb42c-3835-4a1f-be82-bda3b07bfa4b.mp3,Kukedlc/suno-ai-music-dataset,bdff424e70c10ef62dca13ba43659ad9e7e1fcdb
ai_suno_unknown_6df2bfdf6e5b683c,227ee228-d514-4b10-b407-7f008d9e040b,unknown,chirp-crow,v5,336c65d04c083e2e4dc14bed1e39c5224c1df791f43727239abcd02b6e1a9c3f,audio/227ee228-d514-4b10-b407-7f008d9e040b.mp3,Kukedlc/suno-ai-music-dataset,bdff424e70c10ef62dca13ba43659ad9e7e1fcdb
ai_suno_unknown_7003b6c7adebe263,e1a089a3-3fea-45f3-94e1-ca01a3fd384c,unknown,chirp-fenix,v5.5,8ee14587f070a6d98ee1771188ef85661f23802ac7813f3c2fac4c8a435236e5,audio/e1a089a3-3fea-45f3-94e1-ca01a3fd384c.mp3,Kukedlc/suno-ai-music-dataset,bdff424e70c10ef62dca13ba43659ad9e7e1fcdb
ai_suno_unknown_7176236f089d1484,7d8326e9-9747-45be-9cdb-9069cd712181,unknown,chirp-v2,v2,8b6c70a3c3aaec66203d4399b15fe4f8a1cddc5f82b8502fb68e41e1d0ac1f65,audio/7d8326e9-9747-45be-9cdb-9069cd712181.mp3,Kukedlc/suno-ai-music-dataset,bdff424e70c10ef62dca13ba43659ad9e7e1fcdb
ai_suno_unknown_71f65f442180391f,df1f8fde-bd57-4a02-80e9-c5be4727433c,unknown,chirp-fenix,v5.5,7427b43e757c19f9de39a8d4b15090be3fef9b0a89c736c9cae444e84d22c82b,audio/df1f8fde-bd57-4a02-80e9-c5be4727433c.mp3,Kukedlc/suno-ai-music-dataset,bdff424e70c10ef62dca13ba43659ad9e7e1fcdb
ai_suno_unknown_720fc317ee6ac31b,5cb72d58-3db4-47d0-982a-8ecd4e667d8a,unknown,chirp-fenix,v5.5,3d2bd0dc5781240ed8410e398d6ea3048f1ad6dadd9ea7482cbd46a39f7ba5e3,audio/5cb72d58-3db4-47d0-982a-8ecd4e667d8a.mp3,Kukedlc/suno-ai-music-dataset,bdff424e70c10ef62dca13ba43659ad9e7e1fcdb
ai_suno_unknown_72208444befdbdd5,04254e12-3f27-4587-bd3b-3f81331e270e,unknown,chirp-fenix,v5.5,f398f978cc7a3294b1c96a3ac6431b677efdf4eecea9b746e2b1ba8ebba2f4d1,audio/04254e12-3f27-4587-bd3b-3f81331e270e.mp3,Kukedlc/suno-ai-music-dataset,bdff424e70c10ef62dca13ba43659ad9e7e1fcdb
ai_suno_unknown_72b3bbb8080871a5,c3b0f0db-fbec-44b2-839c-66bb7e242360,unknown,chirp-fenix,v5.5,d420fc0fce637b8b4c84263629c6fb3a028e96b8b29452d8e2b53982082f9333,audio/c3b0f0db-fbec-44b2-839c-66bb7e242360.mp3,Kukedlc/suno-ai-music-dataset,bdff424e70c10ef62dca13ba43659ad9e7e1fcdb
ai_suno_unknown_73576d2107acae44,5ecfec2d-e8fe-4ae4-b2a2-82e12326d34a,unknown,chirp-fenix,v5.5,6a94ffdc7e097b04d66031a1230532fa9f0a3f28b7d80a1bfc48587aa05dbaee,audio/5ecfec2d-e8fe-4ae4-b2a2-82e12326d34a.mp3,Kukedlc/suno-ai-music-dataset,bdff424e70c10ef62dca13ba43659ad9e7e1fcdb
ai_suno_unknown_739cb4cc2235ef3d,aa2a8a08-5b30-4d2d-ae0a-830a3820ba52,unknown,chirp-crow,v5,87b76814bddd64af4ac12e0053928e3e9b2feefb132d56461045305b2cf1324b,audio/aa2a8a08-5b30-4d2d-ae0a-830a3820ba52.mp3,Kukedlc/suno-ai-music-dataset,bdff424e70c10ef62dca13ba43659ad9e7e1fcdb
ai_suno_unknown_75aa1fe5870ae3d2,bcadf7ee-9bb1-4cf0-ac4d-ce136c5cb1a7,unknown,chirp-fenix,v5.5,cdac7baf5d4ccdcd07e1856f2a1a6cbee0be18b00d37badf979306b2bbaf6857,audio/bcadf7ee-9bb1-4cf0-ac4d-ce136c5cb1a7.mp3,Kukedlc/suno-ai-music-dataset,bdff424e70c10ef62dca13ba43659ad9e7e1fcdb
ai_suno_unknown_75aea86ea5af76bf,b7bfc8fa-8f52-4c6b-b5ff-200f5747dbd4,unknown,chirp-crow,v5,e444542d034800980edafbbe2731ee07a1a3e6c65b25bb8fad0ba3252a8df2c0,audio/b7bfc8fa-8f52-4c6b-b5ff-200f5747dbd4.mp3,Kukedlc/suno-ai-music-dataset,bdff424e70c10ef62dca13ba43659ad9e7e1fcdb
ai_suno_unknown_75fe9cfeedb55c9d,71680b58-11e9-46ae-8708-97e1ae92f2aa,unknown,chirp-fenix,v5.5,c9054b69b2713dddc6a37bfc9760a6eb79764a0d9ecba3d6f3782b7c5dff21ac,audio/71680b58-11e9-46ae-8708-97e1ae92f2aa.mp3,Kukedlc/suno-ai-music-dataset,bdff424e70c10ef62dca13ba43659ad9e7e1fcdb
ai_suno_unknown_77d813886eb7d272,029162e1-9756-4b51-a380-5f8e6f48f3fe,unknown,chirp-crow,v5,848cb76483772284ee5a8251e908eca5647eaa3657a0698a3614788b897f5de0,audio/029162e1-9756-4b51-a380-5f8e6f48f3fe.mp3,Kukedlc/suno-ai-music-dataset,bdff424e70c10ef62dca13ba43659ad9e7e1fcdb
ai_suno_unknown_79e7d0b643c1b4dd,97c99338-2461-4736-9d7b-ecc3fa64575e,unknown,chirp-crow,v5,5bffe5152aeb02298b5aba4d376e5cc88ecd9b28c80fcfefc1fef5266edfd2ab,audio/97c99338-2461-4736-9d7b-ecc3fa64575e.mp3,Kukedlc/suno-ai-music-dataset,bdff424e70c10ef62dca13ba43659ad9e7e1fcdb
ai_suno_unknown_7ab56aaf01a28ad4,ba8c794c-4f80-44c7-92cf-691ddcc61554,unknown,chirp-crow,v5,2bd5dcda98d65e8b56eab8767e3762dfa5965caf7173efcc6ecf22cf0bbc22b7,audio/ba8c794c-4f80-44c7-92cf-691ddcc61554.mp3,Kukedlc/suno-ai-music-dataset,bdff424e70c10ef62dca13ba43659ad9e7e1fcdb
ai_suno_unknown_7ae35248dc74f157,5b6d7c3b-6341-4637-a32b-19c9a95633e9,unknown,chirp-crow,v5,4b0a87a0409528197fa2d8be34308d9ab33e8cc1d194ed2ddae9d53b974d1c4f,audio/5b6d7c3b-6341-4637-a32b-19c9a95633e9.mp3,Kukedlc/suno-ai-music-dataset,bdff424e70c10ef62dca13ba43659ad9e7e1fcdb
ai_suno_unknown_7b6399b9d015a733,4a798a50-b59e-492a-8eae-b2a553581fc2,unknown,chirp-crow,v5,75f21fde063c0877a35085d6cac00ab98b4b92c1561625f39eba7144810a55db,audio/4a798a50-b59e-492a-8eae-b2a553581fc2.mp3,Kukedlc/suno-ai-music-dataset,bdff424e70c10ef62dca13ba43659ad9e7e1fcdb
ai_suno_unknown_7b926048b847e8cb,331bf3f8-2c0a-4c0b-8625-1970e09f6d35,unknown,chirp-fenix,v5.5,2adef6378f88caa98b4cbca74285dd07cdbf41d87e3a515bdac5dcf28f3e7cbf,audio/331bf3f8-2c0a-4c0b-8625-1970e09f6d35.mp3,Kukedlc/suno-ai-music-dataset,bdff424e70c10ef62dca13ba43659ad9e7e1fcdb
ai_suno_unknown_7c417f3053a9cdd4,4ce68200-e1b8-4464-adb9-76c484fcc89b,unknown,chirp-crow,v5,30fd6fb51877b2c02fdd5386f3e7dc7418dc558f94fe909c70efeac132d04cf8,audio/4ce68200-e1b8-4464-adb9-76c484fcc89b.mp3,Kukedlc/suno-ai-music-dataset,bdff424e70c10ef62dca13ba43659ad9e7e1fcdb
ai_suno_unknown_7cf81afb2fc7eb37,2dd7b8e0-2cc2-4b67-b722-d1468658ec4b,unknown,chirp-fenix,v5.5,e75662bb1988ef933689a619270e145fa01a4bbb9321902caba70585e1177429,audio/2dd7b8e0-2cc2-4b67-b722-d1468658ec4b.mp3,Kukedlc/suno-ai-music-dataset,bdff424e70c10ef62dca13ba43659ad9e7e1fcdb
ai_suno_unknown_7d028b268b6aa0b4,6ffe519a-3641-4212-a05d-a16d57201a43,unknown,chirp-fenix,v5.5,2e8cb231a9e2f53159770bad10a7eaab5b25ffa7b421702b78b30ee8dcc0401a,audio/6ffe519a-3641-4212-a05d-a16d57201a43.mp3,Kukedlc/suno-ai-music-dataset,bdff424e70c10ef62dca13ba43659ad9e7e1fcdb
ai_suno_unknown_7dca9fa1b51d0860,3aaeb756-bad6-4d0a-bb79-64192fe531ca,unknown,chirp-crow,v5,2553ebd14f64c861167de1439fd4b711207ebf0bf801dde49e242aea7e022827,audio/3aaeb756-bad6-4d0a-bb79-64192fe531ca.mp3,Kukedlc/suno-ai-music-dataset,bdff424e70c10ef62dca13ba43659ad9e7e1fcdb
ai_suno_unknown_7de42b05b90b5794,44fa5362-d18f-44a2-9393-d52c728827c2,unknown,chirp-crow,v5,58719fc21a3c6a5c8932e3d2ebd89b8c7c28628c9d1788d58ba3c4c36846d342,audio/44fa5362-d18f-44a2-9393-d52c728827c2.mp3,Kukedlc/suno-ai-music-dataset,bdff424e70c10ef62dca13ba43659ad9e7e1fcdb
ai_suno_unknown_7e268d43231bee7e,2335c4d7-8eab-4ae9-bab0-7fff352740f9,unknown,chirp-fenix,v5.5,24e6cc8154442212b35b868901f50f6990f20b59eb9dd2d59c3ee50d5546893d,audio/2335c4d7-8eab-4ae9-bab0-7fff352740f9.mp3,Kukedlc/suno-ai-music-dataset,bdff424e70c10ef62dca13ba43659ad9e7e1fcdb
ai_suno_unknown_7f78ab653642237f,a0fb2707-2dcc-426a-96f2-d8178514bacb,unknown,chirp-crow,v5,ca2dc33b3be62374b62e20dc3ed276d7d0509cbf315235443e820cdae3f9b511,audio/a0fb2707-2dcc-426a-96f2-d8178514bacb.mp3,Kukedlc/suno-ai-music-dataset,bdff424e70c10ef62dca13ba43659ad9e7e1fcdb
ai_suno_unknown_80777a127ea924ba,b4bab373-1577-4022-bcac-46d4c460cc67,unknown,chirp-fenix,v5.5,71d1b2803fd0f7e404838acc032736d977b54f0062768f6ff9879ead77929412,audio/b4bab373-1577-4022-bcac-46d4c460cc67.mp3,Kukedlc/suno-ai-music-dataset,bdff424e70c10ef62dca13ba43659ad9e7e1fcdb
ai_suno_unknown_80854109abb1b234,c95757e5-f292-447d-863f-1346c4fc6edd,unknown,chirp-crow,v5,baffacb504fd9dfc7c0c396d51ea1a1ccca8fcdb6d6cc37111cac6448c5bb61a,audio/c95757e5-f292-447d-863f-1346c4fc6edd.mp3,Kukedlc/suno-ai-music-dataset,bdff424e70c10ef62dca13ba43659ad9e7e1fcdb
ai_suno_unknown_845c0f2d46c97806,cc39fd2f-fd9f-4d28-a4a3-d22544dd9e34,unknown,chirp-fenix,v5.5,2647d18d2a4e75801ddd515430a2279f76db7d4d5d8f6b3df58ef2e1a2e5dac1,audio/cc39fd2f-fd9f-4d28-a4a3-d22544dd9e34.mp3,Kukedlc/suno-ai-music-dataset,bdff424e70c10ef62dca13ba43659ad9e7e1fcdb
ai_suno_unknown_84f2183a9e224e43,e36852b6-9754-44ec-b43e-c1152fa110cd,unknown,chirp-crow,v5,1f46ec9d211714f010c4c133be68d204dc6985e0993ea36581c1aa28a16c2493,audio/e36852b6-9754-44ec-b43e-c1152fa110cd.mp3,Kukedlc/suno-ai-music-dataset,bdff424e70c10ef62dca13ba43659ad9e7e1fcdb
ai_suno_unknown_858e050732dfc29b,caad092c-6bce-4ca4-984a-0cb0fdb37022,unknown,chirp-crow,v5,2b685bd2c0698e2274d08bf8951d3f7e81198226df23594d7296172a16f05039,audio/caad092c-6bce-4ca4-984a-0cb0fdb37022.mp3,Kukedlc/suno-ai-music-dataset,bdff424e70c10ef62dca13ba43659ad9e7e1fcdb
ai_suno_unknown_8638c9e223d6cc5b,1b67c01f-f121-499b-9f12-04a54ce93e47,unknown,chirp-crow,v5,45c43e2e9f46f060598e47af572d2312715c2d6ad94afc05648e637db893d280,audio/1b67c01f-f121-499b-9f12-04a54ce93e47.mp3,Kukedlc/suno-ai-music-dataset,bdff424e70c10ef62dca13ba43659ad9e7e1fcdb
ai_suno_unknown_87c63577110e326c,9f9a9431-a529-49f6-a191-53945a8475c2,unknown,chirp-crow,v5,c5eb699372e978bd345ae4eb358a269ff4c755f00c58a9f447cc0d9128289f8c,audio/9f9a9431-a529-49f6-a191-53945a8475c2.mp3,Kukedlc/suno-ai-music-dataset,bdff424e70c10ef62dca13ba43659ad9e7e1fcdb
ai_suno_unknown_881445f0e4f3a418,a9e7f4e9-3650-470e-9ec9-f599e8a2e1de,unknown,chirp-fenix,v5.5,64d86e5b068bf4f5cabf9500fa392bed9fb98626e99a837ba9a70f9aeb85af65,audio/a9e7f4e9-3650-470e-9ec9-f599e8a2e1de.mp3,Kukedlc/suno-ai-music-dataset,bdff424e70c10ef62dca13ba43659ad9e7e1fcdb
ai_suno_unknown_885a57783ae197ab,73b31e90-5f0c-4811-99ae-a6975d4f2678,unknown,chirp-crow,v5,e2f444f0f787268b6291a655242cb6f3e16426aac452080ee3ff9e7bc358487a,audio/73b31e90-5f0c-4811-99ae-a6975d4f2678.mp3,Kukedlc/suno-ai-music-dataset,bdff424e70c10ef62dca13ba43659ad9e7e1fcdb
ai_suno_unknown_8955b970e7607610,e7774fef-a185-4368-8e83-12d0b0c4090c,unknown,chirp-crow,v5,0eae1864ee8536906d4912e591257bc4722b2737ae525d4b63ffb20631b31e14,audio/e7774fef-a185-4368-8e83-12d0b0c4090c.mp3,Kukedlc/suno-ai-music-dataset,bdff424e70c10ef62dca13ba43659ad9e7e1fcdb
ai_suno_unknown_89caefac5d2f5863,2c93cb77-3353-406e-acd2-7da505651112,unknown,chirp-fenix,v5.5,2e4f612fc88f3f02b601bdcfdb07d699abc655a82d94a1781d24526b328c99de,audio/2c93cb77-3353-406e-acd2-7da505651112.mp3,Kukedlc/suno-ai-music-dataset,bdff424e70c10ef62dca13ba43659ad9e7e1fcdb
ai_suno_unknown_8a9d32e589c86d7a,ecff8528-080b-48c3-b463-de94b150153f,unknown,chirp-crow,v5,62538aa1e5dfe9e73a1bf90efe43e526c79b9ef03c20ca8092a14fe036cf6665,audio/ecff8528-080b-48c3-b463-de94b150153f.mp3,Kukedlc/suno-ai-music-dataset,bdff424e70c10ef62dca13ba43659ad9e7e1fcdb
ai_suno_unknown_8bf8b928bda5edf9,5b1007f1-f6c3-4366-a900-06f58b6c56c1,unknown,chirp-v2,v2,ce4a9438f52a944df0dce9afbc2db4d398076c61a615f6a4aa28c45fa13d1f23,audio/5b1007f1-f6c3-4366-a900-06f58b6c56c1.mp3,Kukedlc/suno-ai-music-dataset,bdff424e70c10ef62dca13ba43659ad9e7e1fcdb
ai_suno_unknown_8d7795d292fc1286,3b932691-8947-47aa-9a2d-4f6942503842,unknown,chirp-crow,v5,abf7d295c12a36154aa633570ba310461a8007c657eacfd002edd6633a2b5a63,audio/3b932691-8947-47aa-9a2d-4f6942503842.mp3,Kukedlc/suno-ai-music-dataset,bdff424e70c10ef62dca13ba43659ad9e7e1fcdb
ai_suno_unknown_8ded041814fe1a0d,80c89e58-a494-4175-ab79-0073b1c2041d,unknown,chirp-fenix,v5.5,84f6bbb4d11fa174403eb10b77d95f666f5eaca792d78bb811d9e0e2d8db64d7,audio/80c89e58-a494-4175-ab79-0073b1c2041d.mp3,Kukedlc/suno-ai-music-dataset,bdff424e70c10ef62dca13ba43659ad9e7e1fcdb
ai_suno_unknown_8ee43445a2ab1f7b,1f98f794-7498-4fa7-9b6f-bb6fab33a561,unknown,chirp-fenix,v5.5,5580a519b9fdb2933a3458e59559005f9e5173c6270d0adbeacfb29371fb219f,audio/1f98f794-7498-4fa7-9b6f-bb6fab33a561.mp3,Kukedlc/suno-ai-music-dataset,bdff424e70c10ef62dca13ba43659ad9e7e1fcdb
ai_suno_unknown_8ff0e6c8b2091568,f683208e-0e3e-42e9-a255-b38088379080,unknown,chirp-crow,v5,1469b3b69d59258f0b406916d9d3259e55ba73d78fb13d558b6c01906a2e14ea,audio/f683208e-0e3e-42e9-a255-b38088379080.mp3,Kukedlc/suno-ai-music-dataset,bdff424e70c10ef62dca13ba43659ad9e7e1fcdb
ai_suno_unknown_9221203068c94729,2ddc64cd-4608-47aa-acf3-b6aa2a94a553,unknown,chirp-crow,v5,da85432ff20adfa54d337a2d2f6bcd6a990e3bd878e195113742fcf9feb68000,audio/2ddc64cd-4608-47aa-acf3-b6aa2a94a553.mp3,Kukedlc/suno-ai-music-dataset,bdff424e70c10ef62dca13ba43659ad9e7e1fcdb
ai_suno_unknown_9265048a2d51cfcf,fcf5f84b-90f5-4e9f-8d4d-ec32fa5cbc8a,unknown,chirp-crow,v5,e0f7f50ac733a92ca882c8923f48e49aaba4f52058ce443e85658dc0f48bdd68,audio/fcf5f84b-90f5-4e9f-8d4d-ec32fa5cbc8a.mp3,Kukedlc/suno-ai-music-dataset,bdff424e70c10ef62dca13ba43659ad9e7e1fcdb
ai_suno_unknown_933bb2cf54935f0b,4e920127-93cd-4c76-9df2-da71411cdf4d,unknown,chirp-fenix,v5.5,374fd88f473eabe90a8536c7d989e2295349835fad354337470bc6be4bb27afe,audio/4e920127-93cd-4c76-9df2-da71411cdf4d.mp3,Kukedlc/suno-ai-music-dataset,bdff424e70c10ef62dca13ba43659ad9e7e1fcdb
ai_suno_unknown_9547b3135fbee5dc,5852c17b-51aa-4c3a-9724-088b08ba67f2,unknown,chirp-fenix,v5.5,f76136069f0a448ce5ebf63ed7eb435a3d37c4902544dd9ff4b72ff28ea82d19,audio/5852c17b-51aa-4c3a-9724-088b08ba67f2.mp3,Kukedlc/suno-ai-music-dataset,bdff424e70c10ef62dca13ba43659ad9e7e1fcdb
ai_suno_unknown_954ef275fb76164d,08f51d4c-31aa-470d-9191-e5705899b8ea,unknown,chirp-fenix,v5.5,f9a5b7cfd544fbadba23322de829621fe9182b8ede3d93fd0f8a6abdec1464c3,audio/08f51d4c-31aa-470d-9191-e5705899b8ea.mp3,Kukedlc/suno-ai-music-dataset,bdff424e70c10ef62dca13ba43659ad9e7e1fcdb
ai_suno_unknown_95d1796068fbb8e2,277ee5aa-ebe5-4817-855b-ab9591291f8a,unknown,chirp-fenix,v5.5,d7ae220f0cb279c675e043f7f860deb6f6caacd06ee15adadb7b8c01e9216d86,audio/277ee5aa-ebe5-4817-855b-ab9591291f8a.mp3,Kukedlc/suno-ai-music-dataset,bdff424e70c10ef62dca13ba43659ad9e7e1fcdb
ai_suno_unknown_97ab2e1e8c0e8cbc,139152e9-25c0-47da-b7a3-385ce4a3d1c4,unknown,chirp-crow,v5,f755bdcc9f2aa9b76b79cc63bf4c76af259975bd5f89002c410b11f369433a1c,audio/139152e9-25c0-47da-b7a3-385ce4a3d1c4.mp3,Kukedlc/suno-ai-music-dataset,bdff424e70c10ef62dca13ba43659ad9e7e1fcdb
ai_suno_unknown_993674b1a6a2f295,7284c093-77db-4408-9670-880723cce9fb,unknown,chirp-fenix,v5.5,1b58cb3b93fd5289d037ece21023ddf3b24f4ca720dc1ef46528bb6da5c8e481,audio/7284c093-77db-4408-9670-880723cce9fb.mp3,Kukedlc/suno-ai-music-dataset,bdff424e70c10ef62dca13ba43659ad9e7e1fcdb
ai_suno_unknown_9ad5cdabf9795fb9,60f95b89-2b81-4af6-84d5-692935122505,unknown,chirp-fenix,v5.5,a63e497285a4c7cf65e84c4521f3930e4553f84f9db265468c3cd7012cc71c34,audio/60f95b89-2b81-4af6-84d5-692935122505.mp3,Kukedlc/suno-ai-music-dataset,bdff424e70c10ef62dca13ba43659ad9e7e1fcdb
ai_suno_unknown_9c661f1d206f6258,1f8e1a11-e015-45a5-914a-96a70e212fdd,unknown,chirp-fenix,v5.5,60e2cad88e77f2f7f350142bb1d9fea73e4e8154a27828709d4eb250417d3458,audio/1f8e1a11-e015-45a5-914a-96a70e212fdd.mp3,Kukedlc/suno-ai-music-dataset,bdff424e70c10ef62dca13ba43659ad9e7e1fcdb
ai_suno_unknown_9daee49b4b58018c,cdc6a355-e7c5-4a1d-91e4-ad87059a2f79,unknown,chirp-fenix,v5.5,2b50746b42e392ca8f8d88c4b2172a1ff72b3d9ed0a1361bb10cd7fb2765c679,audio/cdc6a355-e7c5-4a1d-91e4-ad87059a2f79.mp3,Kukedlc/suno-ai-music-dataset,bdff424e70c10ef62dca13ba43659ad9e7e1fcdb
ai_suno_unknown_9ee9d919fe42d18a,e7186e78-1da2-423e-a9b1-709ea46baf02,unknown,chirp-crow,v5,0b5c6187f096278a77707ab7fe8f145d2657e8f97d1adeefd48120a94b87479b,audio/e7186e78-1da2-423e-a9b1-709ea46baf02.mp3,Kukedlc/suno-ai-music-dataset,bdff424e70c10ef62dca13ba43659ad9e7e1fcdb
ai_suno_unknown_9f0e646aeddbed9e,cffb8581-5c61-4d9d-b7fc-ff1d01b6586c,unknown,chirp-fenix,v5.5,fda4db74eb511fbbf0559d35b808be84b1fbcbd923fbd19731a037143d39737e,audio/cffb8581-5c61-4d9d-b7fc-ff1d01b6586c.mp3,Kukedlc/suno-ai-music-dataset,bdff424e70c10ef62dca13ba43659ad9e7e1fcdb
ai_suno_unknown_9f1b71a4f4d1ba8f,17973d17-9be6-4534-9daa-562ed94f5ea0,unknown,chirp-fenix,v5.5,21ca372f855af5c9cdab731a0e63b8021d3b13838bf5cf051a20b825531fa02c,audio/17973d17-9be6-4534-9daa-562ed94f5ea0.mp3,Kukedlc/suno-ai-music-dataset,bdff424e70c10ef62dca13ba43659ad9e7e1fcdb
ai_suno_unknown_a06eb225419de896,f60a70ef-6aae-4cea-9941-17d5130b04a2,unknown,chirp-crow,v5,1a6d7ef3238ff5c407f71ebf415f9ec2b0c4761aff83e3eb3beceb184c1a7c94,audio/f60a70ef-6aae-4cea-9941-17d5130b04a2.mp3,Kukedlc/suno-ai-music-dataset,bdff424e70c10ef62dca13ba43659ad9e7e1fcdb
ai_suno_unknown_a08f0f1835380461,3307f618-5156-41f5-9504-92e8b356abe4,unknown,chirp-fenix,v5.5,29ff363d7a0782eeeb736a891882933eb0c22a72fef996adcf32765d43a8c626,audio/3307f618-5156-41f5-9504-92e8b356abe4.mp3,Kukedlc/suno-ai-music-dataset,bdff424e70c10ef62dca13ba43659ad9e7e1fcdb
ai_suno_unknown_a127d199bcf8c4da,21e81d24-049b-4514-994d-e27524b50ecf,unknown,chirp-crow,v5,b9f36002e1e79980f9b7e98810930950e49ba219bb82e3b7958370e549023114,audio/21e81d24-049b-4514-994d-e27524b50ecf.mp3,Kukedlc/suno-ai-music-dataset,bdff424e70c10ef62dca13ba43659ad9e7e1fcdb
ai_suno_unknown_a4aea884aa0e8a86,bb8ffd69-c3e1-4c91-9154-7937271af5be,unknown,chirp-fenix,v5.5,8bf84bd08c616f793abd4e4db6c7461df382d4d25672bc0be0522dc56ec2b3d7,audio/bb8ffd69-c3e1-4c91-9154-7937271af5be.mp3,Kukedlc/suno-ai-music-dataset,bdff424e70c10ef62dca13ba43659ad9e7e1fcdb
ai_suno_unknown_a5372e36fce3d7bc,b22e906d-9727-4bae-92df-f6e7bf913b85,unknown,chirp-fenix,v5.5,5a36b1cb89474c31a18adcd9b89572db120006caaaff05f61decc3b2054d263e,audio/b22e906d-9727-4bae-92df-f6e7bf913b85.mp3,Kukedlc/suno-ai-music-dataset,bdff424e70c10ef62dca13ba43659ad9e7e1fcdb
ai_suno_unknown_a67efe2cc9d08467,09d221ce-3ce7-44d6-80de-ea661b56ca19,unknown,chirp-crow,v5,81261a76f14fe623e26a6aa539590ad2e11ad3fd46493482e1ff206831031fd0,audio/09d221ce-3ce7-44d6-80de-ea661b56ca19.mp3,Kukedlc/suno-ai-music-dataset,bdff424e70c10ef62dca13ba43659ad9e7e1fcdb
ai_suno_unknown_a6a9bcc737b306b2,446a430f-2745-47c7-807f-d5b2c5dd55f4,unknown,chirp-v4,v4,386b049c27bb47811aff3c90148a76cbbf31f157d81fd17b311caf44a075cb38,audio/446a430f-2745-47c7-807f-d5b2c5dd55f4.mp3,Kukedlc/suno-ai-music-dataset,bdff424e70c10ef62dca13ba43659ad9e7e1fcdb
ai_suno_unknown_a7a55318d29f4cbf,4f81f7b9-fe2b-42df-97d4-df718d436616,unknown,chirp-crow,v5,74e543c29a1437aed0b33db6910c5920d6a80772c323d7b1a6af0f6eb1934979,audio/4f81f7b9-fe2b-42df-97d4-df718d436616.mp3,Kukedlc/suno-ai-music-dataset,bdff424e70c10ef62dca13ba43659ad9e7e1fcdb
ai_suno_unknown_a7b309dfcd835921,10258cce-8a12-4424-ab58-549bbb98b6f6,unknown,chirp-crow,v5,e1d961520a096edef739e113fcae02b3cf31f1ee241ffd9c57ee0a317185c1da,audio/10258cce-8a12-4424-ab58-549bbb98b6f6.mp3,Kukedlc/suno-ai-music-dataset,bdff424e70c10ef62dca13ba43659ad9e7e1fcdb
ai_suno_unknown_aa1504712a97a523,9343d1b0-3bcd-41eb-a1e8-95951414dd9f,unknown,chirp-crow,v5,e43e3641618d9b7532d8fa4b2f571798ef84c1847706a5294fe7ad76ac45ff7b,audio/9343d1b0-3bcd-41eb-a1e8-95951414dd9f.mp3,Kukedlc/suno-ai-music-dataset,bdff424e70c10ef62dca13ba43659ad9e7e1fcdb
ai_suno_unknown_aa229d4d970b8d62,ace3bb8d-1ee9-4d3f-8b5a-3c5371936006,unknown,chirp-fenix,v5.5,833463ed6a17eb3bb09bb5ddb775a65d1ca1f75018107302668afa102f09b15d,audio/ace3bb8d-1ee9-4d3f-8b5a-3c5371936006.mp3,Kukedlc/suno-ai-music-dataset,bdff424e70c10ef62dca13ba43659ad9e7e1fcdb
ai_suno_unknown_aa64cb31e8354f22,cb3ad248-4946-4c91-9dba-4433a16afe7b,unknown,chirp-fenix,v5.5,ce0333ae0d351b2fd7f8699ba897af0598453e9bf1ca10846d19ff52df9d3da3,audio/cb3ad248-4946-4c91-9dba-4433a16afe7b.mp3,Kukedlc/suno-ai-music-dataset,bdff424e70c10ef62dca13ba43659ad9e7e1fcdb
ai_suno_unknown_ab3d0eafde26a5d4,e91989c8-fe3a-45fe-90c7-6c0110f8219b,unknown,chirp-crow,v5,9f5f0aedbfd3fe095bb1b63b1c07bc766f8caa554c9922537c5ce4c27c41bd38,audio/e91989c8-fe3a-45fe-90c7-6c0110f8219b.mp3,Kukedlc/suno-ai-music-dataset,bdff424e70c10ef62dca13ba43659ad9e7e1fcdb
ai_suno_unknown_ac4fbc26f421cc61,75a85d6a-029d-4e26-9e49-e342c4f7636e,unknown,chirp-fenix,v5.5,ec4f91f3522f25e25ac309c9899a55542b320fa32fa895e1916940f86ac2ebbe,audio/75a85d6a-029d-4e26-9e49-e342c4f7636e.mp3,Kukedlc/suno-ai-music-dataset,bdff424e70c10ef62dca13ba43659ad9e7e1fcdb
ai_suno_unknown_add0e33abcc8dedf,13d24818-f65d-4a97-b75b-9efbd646e7c8,unknown,chirp-crow,v5,d44900b618139a0b9ce8d8cb5e19aca4a45617b2e1d8dadf89e6960725e3c14d,audio/13d24818-f65d-4a97-b75b-9efbd646e7c8.mp3,Kukedlc/suno-ai-music-dataset,bdff424e70c10ef62dca13ba43659ad9e7e1fcdb
ai_suno_unknown_ae07f291c657f707,745943f5-5424-4ba7-98a0-50ec14f2c2e0,unknown,chirp-crow,v5,155edb23f9823dd97014ef648a9720d75d0ac768f810a6ee433d27eba84313da,audio/745943f5-5424-4ba7-98a0-50ec14f2c2e0.mp3,Kukedlc/suno-ai-music-dataset,bdff424e70c10ef62dca13ba43659ad9e7e1fcdb
ai_suno_unknown_afb94a05d7b2ae8e,0f02db48-bdb6-4f2c-956c-16c71a1fbc51,unknown,chirp-fenix,v5.5,64c34e5064be38f0a0790cfe700cea9dc1411448102e8de912b976f19d5153d4,audio/0f02db48-bdb6-4f2c-956c-16c71a1fbc51.mp3,Kukedlc/suno-ai-music-dataset,bdff424e70c10ef62dca13ba43659ad9e7e1fcdb
ai_suno_unknown_b00a975eb09bac64,b8f17087-d73d-486d-9e66-39d8b311b2ca,unknown,chirp-crow,v5,83fab702fbf655db23bdb1fd372e254d09250a86e1f1494d643117732f41fd4f,audio/b8f17087-d73d-486d-9e66-39d8b311b2ca.mp3,Kukedlc/suno-ai-music-dataset,bdff424e70c10ef62dca13ba43659ad9e7e1fcdb
ai_suno_unknown_b021bf73d734a006,08c2a601-e7ae-4e5b-a635-0a3e87164d8c,unknown,chirp-fenix,v5.5,d8bbdd16237dcd4005e13d857170d4bf3de6a3bda0ca8d81d8122a953ede3f15,audio/08c2a601-e7ae-4e5b-a635-0a3e87164d8c.mp3,Kukedlc/suno-ai-music-dataset,bdff424e70c10ef62dca13ba43659ad9e7e1fcdb
ai_suno_unknown_b1969126cc649dc4,22cc6db0-5d58-4d62-950c-6ebfa9531616,unknown,chirp-crow,v5,eafe2c99a4796cffae28e5aa851a8d7daf22eecc16b463b02b9703ad6ead847b,audio/22cc6db0-5d58-4d62-950c-6ebfa9531616.mp3,Kukedlc/suno-ai-music-dataset,bdff424e70c10ef62dca13ba43659ad9e7e1fcdb
ai_suno_unknown_b4ec5975c599e28f,bdbedfbc-1697-4090-a6b0-a89955f58092,unknown,chirp-v4,v4,2270289f86200ee404e13456421e468e4bc397cd62d3d4805eec23e73a5154d3,audio/bdbedfbc-1697-4090-a6b0-a89955f58092.mp3,Kukedlc/suno-ai-music-dataset,bdff424e70c10ef62dca13ba43659ad9e7e1fcdb
ai_suno_unknown_b7227007b94af61d,eed1a48f-6c8c-4b06-a2ab-77e632cee1ec,unknown,chirp-crow,v5,2076af5912b9d7df06d4210a29e2ba97f0b8c420f489ed1c5fe7e2074508d872,audio/eed1a48f-6c8c-4b06-a2ab-77e632cee1ec.mp3,Kukedlc/suno-ai-music-dataset,bdff424e70c10ef62dca13ba43659ad9e7e1fcdb
ai_suno_unknown_b97bf85b58ba3c7a,adf57ed4-61fb-44dc-8699-8de2988626d1,unknown,chirp-crow,v5,3183d64911509f924bbb70f7afa977e630aaf32f287278b79e6d937046e462e5,audio/adf57ed4-61fb-44dc-8699-8de2988626d1.mp3,Kukedlc/suno-ai-music-dataset,bdff424e70c10ef62dca13ba43659ad9e7e1fcdb
ai_suno_unknown_bcf08c6fcfc59e15,d6f856eb-c16d-4d79-82ae-0509743392e1,unknown,chirp-fenix,v5.5,c0ee2cadf874f5b7e18c4fb23f8388a5ec2102af9c24c6ed67c9d87ca4b2adb8,audio/d6f856eb-c16d-4d79-82ae-0509743392e1.mp3,Kukedlc/suno-ai-music-dataset,bdff424e70c10ef62dca13ba43659ad9e7e1fcdb
ai_suno_unknown_bd116323a7a6e8fe,89c6b531-3d35-4051-998b-58d77bf2f677,unknown,chirp-crow,v5,463781486d10b354ef42c6058b240f374bf6918ccaac51892cceebc8537b7c73,audio/89c6b531-3d35-4051-998b-58d77bf2f677.mp3,Kukedlc/suno-ai-music-dataset,bdff424e70c10ef62dca13ba43659ad9e7e1fcdb
ai_suno_unknown_be9155d8d1063149,a05f3a58-2720-4d5c-bd37-b7d5b9f9340f,unknown,chirp-fenix,v5.5,6ed19733735ed232365ef3ab509f6e737288a4e895262b00f1f0e9b7493281dd,audio/a05f3a58-2720-4d5c-bd37-b7d5b9f9340f.mp3,Kukedlc/suno-ai-music-dataset,bdff424e70c10ef62dca13ba43659ad9e7e1fcdb
ai_suno_unknown_bef081aca1634564,6adc36b0-3d2b-47b2-b35c-f2d16a04e0ba,unknown,chirp-fenix,v5.5,69699cf96d50e1b12afe852c35a72d1d8af2e60abe671a67951013fa44bbb399,audio/6adc36b0-3d2b-47b2-b35c-f2d16a04e0ba.mp3,Kukedlc/suno-ai-music-dataset,bdff424e70c10ef62dca13ba43659ad9e7e1fcdb
ai_suno_unknown_bf1eb63799ada69c,2f147366-46c2-425b-a2df-875da32e4130,unknown,chirp-fenix,v5.5,fc10e01b8280925d00eb6bb20245ddf7d6600e9a0dcb0132f320de183335a1a6,audio/2f147366-46c2-425b-a2df-875da32e4130.mp3,Kukedlc/suno-ai-music-dataset,bdff424e70c10ef62dca13ba43659ad9e7e1fcdb
ai_suno_unknown_c003c16f0a4e9ed6,d3c81e91-ec57-4169-80a4-05985d159b0d,unknown,chirp-crow,v5,f2097254ae4ddf2f40b50107ecb3ae70fe80c3aa115446335401ea4ff17c23f5,audio/d3c81e91-ec57-4169-80a4-05985d159b0d.mp3,Kukedlc/suno-ai-music-dataset,bdff424e70c10ef62dca13ba43659ad9e7e1fcdb
ai_suno_unknown_c052fdc3f3825c87,1814ce3e-a0b8-4a20-9d61-6c0f3cbcf8a1,unknown,chirp-crow,v5,49e197b0ebb0f182788890e243f6afa313e89ad58332e4275f931689ef321e50,audio/1814ce3e-a0b8-4a20-9d61-6c0f3cbcf8a1.mp3,Kukedlc/suno-ai-music-dataset,bdff424e70c10ef62dca13ba43659ad9e7e1fcdb
ai_suno_unknown_c45dac766e7f88d5,b682ea2e-7874-4dfa-a24e-836857b66591,unknown,chirp-fenix,v5.5,7a0e41b0c98dec8dc408d8b8dcd3dedd6ee180569e41b6eb328532f6a80c3753,audio/b682ea2e-7874-4dfa-a24e-836857b66591.mp3,Kukedlc/suno-ai-music-dataset,bdff424e70c10ef62dca13ba43659ad9e7e1fcdb
ai_suno_unknown_c5bf78ac3d273809,430a093d-95ae-4acc-a280-c030fad3a640,unknown,chirp-v3,v3.5,936598bb561ed22223f4a030e2687e78160efc5079144e77bf6a6c0eed4ea617,audio/430a093d-95ae-4acc-a280-c030fad3a640.mp3,Kukedlc/suno-ai-music-dataset,bdff424e70c10ef62dca13ba43659ad9e7e1fcdb
ai_suno_unknown_c697cb50bf6fcb99,a4e737ed-6e52-412e-b65e-a628c27dc405,unknown,chirp-fenix,v5.5,4b305a55bd4568ae329353498039b694ffc04ed345bcba32e73994574d4460bd,audio/a4e737ed-6e52-412e-b65e-a628c27dc405.mp3,Kukedlc/suno-ai-music-dataset,bdff424e70c10ef62dca13ba43659ad9e7e1fcdb
ai_suno_unknown_c80ae1fcdc5d45a0,6d53c624-3bcc-4fe0-be0d-5719a74f0b03,unknown,chirp-fenix,v5.5,3b886c9d6150f48d1cca2f01eca9a71f25925f6997538e34a64d961db23fde29,audio/6d53c624-3bcc-4fe0-be0d-5719a74f0b03.mp3,Kukedlc/suno-ai-music-dataset,bdff424e70c10ef62dca13ba43659ad9e7e1fcdb
ai_suno_unknown_c9715b54c048931f,810bb772-a687-420e-929c-7af34e6cad30,unknown,chirp-fenix,v5.5,c1c89a52b4fca0f909730a60c044a297671d7bf37bd19a2b9396c7fe27fab270,audio/810bb772-a687-420e-929c-7af34e6cad30.mp3,Kukedlc/suno-ai-music-dataset,bdff424e70c10ef62dca13ba43659ad9e7e1fcdb
ai_suno_unknown_cad5669570966e26,2202ce6f-f96a-45d9-951f-b48c26a12bae,unknown,chirp-crow,v5,50ca72432e713d63263bce9bb687178d57fe4ca1dd91a275839a72ed421bb538,audio/2202ce6f-f96a-45d9-951f-b48c26a12bae.mp3,Kukedlc/suno-ai-music-dataset,bdff424e70c10ef62dca13ba43659ad9e7e1fcdb
ai_suno_unknown_cb5216d986bb06a4,13bc18dd-f257-4891-b13a-45aa68d410b4,unknown,chirp-fenix,v5.5,23f89a360649205943ed102a14b65cc59cc3e8072252ef01427feaf0c18ac82a,audio/13bc18dd-f257-4891-b13a-45aa68d410b4.mp3,Kukedlc/suno-ai-music-dataset,bdff424e70c10ef62dca13ba43659ad9e7e1fcdb
ai_suno_unknown_cda6e4aaa541aed9,ef2f75c5-236d-4b54-bbfd-4ad8600a958b,unknown,chirp-crow,v5,f369418709c872f0073b64751bd8bbbfd97277cd2914655bf73a53b9ea32070d,audio/ef2f75c5-236d-4b54-bbfd-4ad8600a958b.mp3,Kukedlc/suno-ai-music-dataset,bdff424e70c10ef62dca13ba43659ad9e7e1fcdb
ai_suno_unknown_cddbfb2ec30d6426,1ba7dabf-2ace-464d-845e-2fa60e1052dc,unknown,chirp-fenix,v5.5,1fae66a0d76539281d631dfe21edd29b1828506c1a09d9c51bc14f5a6e22e86c,audio/1ba7dabf-2ace-464d-845e-2fa60e1052dc.mp3,Kukedlc/suno-ai-music-dataset,bdff424e70c10ef62dca13ba43659ad9e7e1fcdb
ai_suno_unknown_cf019cd2fd5f5782,071f8be6-c373-4ef4-9829-501b2ade99c5,unknown,chirp-crow,v5,4ebc1614142ebb3933c52e4c057638af408d010343df8874bd2584a5c8822759,audio/071f8be6-c373-4ef4-9829-501b2ade99c5.mp3,Kukedlc/suno-ai-music-dataset,bdff424e70c10ef62dca13ba43659ad9e7e1fcdb
ai_suno_unknown_cf573c83ccff7b4a,ddb3a090-c70e-449e-8ba4-8ee9fbe03fc4,unknown,chirp-crow,v5,4da4d7ff8c75d1f8814203a69f42b702cf771295615a22152d87b4a0511b6ba6,audio/ddb3a090-c70e-449e-8ba4-8ee9fbe03fc4.mp3,Kukedlc/suno-ai-music-dataset,bdff424e70c10ef62dca13ba43659ad9e7e1fcdb
ai_suno_unknown_cf65d12167670358,0fb1b3aa-0192-4d8c-a641-73415a870c6d,unknown,chirp-fenix,v5.5,e388e182f2e20844c52bb496b9f6dc19af875f6445542eff8fb2694ea727c406,audio/0fb1b3aa-0192-4d8c-a641-73415a870c6d.mp3,Kukedlc/suno-ai-music-dataset,bdff424e70c10ef62dca13ba43659ad9e7e1fcdb
ai_suno_unknown_d118c1765d0f4abe,1a5b16f1-ccd7-4e09-8a64-cbadefce5247,unknown,chirp-crow,v5,d0bb8e488281ccd1837f125b9845b64bc9e81b378b4d678293172c8b7a915580,audio/1a5b16f1-ccd7-4e09-8a64-cbadefce5247.mp3,Kukedlc/suno-ai-music-dataset,bdff424e70c10ef62dca13ba43659ad9e7e1fcdb
ai_suno_unknown_d20a9d8706284c45,ebcb2633-01a0-484d-a9b9-ac48b929b652,unknown,chirp-crow,v5,c5b12b18d216cdaebf5b1e4a72b833a008853d4debe6d1e90159899b8dedf933,audio/ebcb2633-01a0-484d-a9b9-ac48b929b652.mp3,Kukedlc/suno-ai-music-dataset,bdff424e70c10ef62dca13ba43659ad9e7e1fcdb
ai_suno_unknown_d26545b665efc516,5c5aae2b-03a9-4d02-83ad-ce70545f5123,unknown,chirp-fenix,v5.5,4edcbfca8487e3b2ebb1f83f8fd6d28b77d513443d97f376fdf6486cf2542c6e,audio/5c5aae2b-03a9-4d02-83ad-ce70545f5123.mp3,Kukedlc/suno-ai-music-dataset,bdff424e70c10ef62dca13ba43659ad9e7e1fcdb
ai_suno_unknown_d2d381f5e4ac9576,7fc58e78-e7f6-4c71-900e-98a0fa582a3b,unknown,chirp-fenix,v5.5,52250030b0c40ef205a8e6bd11ba9489b2d9935bfe5c295c9c7059e3deebc54b,audio/7fc58e78-e7f6-4c71-900e-98a0fa582a3b.mp3,Kukedlc/suno-ai-music-dataset,bdff424e70c10ef62dca13ba43659ad9e7e1fcdb
ai_suno_unknown_d31c97469e64356c,00a13cec-21c3-44cb-9687-8d32ba427c79,unknown,chirp-auk,v4.5-all,86c3ee04c92068d412f737e5a4a1e0cfd36edfbff8c33097b7a5f68c266b414c,audio/00a13cec-21c3-44cb-9687-8d32ba427c79.mp3,Kukedlc/suno-ai-music-dataset,bdff424e70c10ef62dca13ba43659ad9e7e1fcdb
ai_suno_unknown_d35e32346d902c7a,f0dae54f-332c-49c7-a01a-888a799432fc,unknown,chirp-crow,v5,9797c6c2768bc11206c6edec65678aba4956fafba7173dad8713b83247067f5f,audio/f0dae54f-332c-49c7-a01a-888a799432fc.mp3,Kukedlc/suno-ai-music-dataset,bdff424e70c10ef62dca13ba43659ad9e7e1fcdb
ai_suno_unknown_d4a2d96ac6a9c278,c0505bfe-871d-44e6-bcd8-807521add5ba,unknown,chirp-fenix,v5.5,e30074df260020c2d09793f856dfced68ad468a2e7c622034612d7d1d9598115,audio/c0505bfe-871d-44e6-bcd8-807521add5ba.mp3,Kukedlc/suno-ai-music-dataset,bdff424e70c10ef62dca13ba43659ad9e7e1fcdb
ai_suno_unknown_d652c9c3073b38c5,c27b0b13-3e10-4eda-bb18-a56718da8fce,unknown,chirp-crow,v5,a23ff4cfa612e22df694572e21eb8cca93e6168748dd43075b474ccf43fcd0fa,audio/c27b0b13-3e10-4eda-bb18-a56718da8fce.mp3,Kukedlc/suno-ai-music-dataset,bdff424e70c10ef62dca13ba43659ad9e7e1fcdb
ai_suno_unknown_d67c4f3686d23d2b,35b73e5e-27df-4062-92e8-b8c4bc472207,unknown,chirp-crow,v5,240d55ec13bcf4a188ea9a5e9f9624c75efbf1c6421f9f84ea4bc6145a662b42,audio/35b73e5e-27df-4062-92e8-b8c4bc472207.mp3,Kukedlc/suno-ai-music-dataset,bdff424e70c10ef62dca13ba43659ad9e7e1fcdb
ai_suno_unknown_d706ef1c1f3be00e,e530017e-aa8a-46e9-bac9-c47ef52c6d8f,unknown,chirp-fenix,v5.5,be85f4b01905fa35ba8ba5453b48657c49d4d3f7a92370bde03bc182cba798f3,audio/e530017e-aa8a-46e9-bac9-c47ef52c6d8f.mp3,Kukedlc/suno-ai-music-dataset,bdff424e70c10ef62dca13ba43659ad9e7e1fcdb
ai_suno_unknown_d784e8e1c3ef4452,a47385d9-a75f-46ee-9f53-41fced47c7e8,unknown,chirp-fenix,v5.5,0f5bd780c45bbfc36f9b0d000674757662315e5ee8bd2dde97ac863435447f67,audio/a47385d9-a75f-46ee-9f53-41fced47c7e8.mp3,Kukedlc/suno-ai-music-dataset,bdff424e70c10ef62dca13ba43659ad9e7e1fcdb
ai_suno_unknown_d7ec12cdbffeb70f,9008510b-4f85-4d03-a22f-078a13f524cd,unknown,chirp-fenix,v5.5,7e2a084aa3f0d87103eae52b9e932c6b7d282af4e9f33708376ac187e25da13d,audio/9008510b-4f85-4d03-a22f-078a13f524cd.mp3,Kukedlc/suno-ai-music-dataset,bdff424e70c10ef62dca13ba43659ad9e7e1fcdb
ai_suno_unknown_d8426d118698dc88,96682575-4c2e-4152-8907-acd1b33b4761,unknown,chirp-fenix,v5.5,5c070d58a766befcb6ac4b2aba15792a31e97c8d10a505a4e99bab24d137e558,audio/96682575-4c2e-4152-8907-acd1b33b4761.mp3,Kukedlc/suno-ai-music-dataset,bdff424e70c10ef62dca13ba43659ad9e7e1fcdb
ai_suno_unknown_d86275f958255b09,f7686add-2363-45b2-a818-e3ecea07b961,unknown,chirp-crow,v5,7c4be46c1a6503ff8f3e1d214dff7537da26e3ba534109d24b3a305b44e3f70a,audio/f7686add-2363-45b2-a818-e3ecea07b961.mp3,Kukedlc/suno-ai-music-dataset,bdff424e70c10ef62dca13ba43659ad9e7e1fcdb
ai_suno_unknown_db037bccde04a63d,6947e154-8919-4d51-bf0f-024fbe1847d7,unknown,chirp-fenix,v5.5,f99c5064c8c04efef2b9eafe2aa57e67e34a28d12b30d1153cda27f8e92b1a81,audio/6947e154-8919-4d51-bf0f-024fbe1847d7.mp3,Kukedlc/suno-ai-music-dataset,bdff424e70c10ef62dca13ba43659ad9e7e1fcdb
ai_suno_unknown_dcc024024c95300b,56f0aee6-a03e-41d5-8b00-5e802460ffaa,unknown,chirp-fenix,v5.5,053554e06ffaae6b4ae9e5caff08b0c429b99e876bd2deab827822ae5c7f3e88,audio/56f0aee6-a03e-41d5-8b00-5e802460ffaa.mp3,Kukedlc/suno-ai-music-dataset,bdff424e70c10ef62dca13ba43659ad9e7e1fcdb
ai_suno_unknown_dcf2b9279639f4f4,5346503e-e77a-4dd5-933b-c6481d51a752,unknown,chirp-fenix,v5.5,fccbff53d9bd87686a9fa6ae50951aef3adcbbc0232aed3f20458e4e584d3d27,audio/5346503e-e77a-4dd5-933b-c6481d51a752.mp3,Kukedlc/suno-ai-music-dataset,bdff424e70c10ef62dca13ba43659ad9e7e1fcdb
ai_suno_unknown_dd2a667eaada14b2,6b8ba8d8-da8b-4fe2-8b53-7fe71831733d,unknown,chirp-fenix,v5.5,2adf32a5e53910d06dc30d27f189673b441f8a802193dd72dee2f753374f5f28,audio/6b8ba8d8-da8b-4fe2-8b53-7fe71831733d.mp3,Kukedlc/suno-ai-music-dataset,bdff424e70c10ef62dca13ba43659ad9e7e1fcdb
ai_suno_unknown_de1e340727fec277,284b744c-b730-478c-be05-0bfb2e7a9d94,unknown,chirp-crow,v5,acfc15d00803a5ee01c1a35ce3300ed92b4f56a4eec77c6a57028afe174c5d4a,audio/284b744c-b730-478c-be05-0bfb2e7a9d94.mp3,Kukedlc/suno-ai-music-dataset,bdff424e70c10ef62dca13ba43659ad9e7e1fcdb
ai_suno_unknown_dea0456824be4631,bb493a42-5088-432d-ac95-c9bc0137fe79,unknown,chirp-fenix,v5.5,b680a986a4ce20364b530e2c30505465bf1c6549f3e7f0a62296d9b8b3616a44,audio/bb493a42-5088-432d-ac95-c9bc0137fe79.mp3,Kukedlc/suno-ai-music-dataset,bdff424e70c10ef62dca13ba43659ad9e7e1fcdb
ai_suno_unknown_ded7a68ff493fb48,097c3ee3-c161-48c9-8458-a7ec6fda6fd9,unknown,chirp-fenix,v5.5,b973ff8b5e3568a61eb9b4301999b03cff80a54cde0efe72866aabfb562d43c3,audio/097c3ee3-c161-48c9-8458-a7ec6fda6fd9.mp3,Kukedlc/suno-ai-music-dataset,bdff424e70c10ef62dca13ba43659ad9e7e1fcdb
ai_suno_unknown_deffab93e4fa70c4,57e995dc-253e-485d-acfe-868f9482fa65,unknown,chirp-fenix,v5.5,b8f1c2db39ba5a8b5eb55b0f34da3e23ce1649afe12338c4f0dbae56e9883218,audio/57e995dc-253e-485d-acfe-868f9482fa65.mp3,Kukedlc/suno-ai-music-dataset,bdff424e70c10ef62dca13ba43659ad9e7e1fcdb
ai_suno_unknown_df0d918f1c4c2bca,1a1e6ff8-0cd9-46ca-86cf-ac40d77400dc,unknown,chirp-crow,v5,885da83343377b64401dae5f023bf40488f36db739db8a05f963a063a9df15da,audio/1a1e6ff8-0cd9-46ca-86cf-ac40d77400dc.mp3,Kukedlc/suno-ai-music-dataset,bdff424e70c10ef62dca13ba43659ad9e7e1fcdb
ai_suno_unknown_df13a6adb70b0e39,a3e5e848-a81e-426a-b66a-6892eba9415f,unknown,chirp-fenix,v5.5,28b324defcf0d1c9d00323daa65ac879e22e4ccc1269b02f612de0734471ccfe,audio/a3e5e848-a81e-426a-b66a-6892eba9415f.mp3,Kukedlc/suno-ai-music-dataset,bdff424e70c10ef62dca13ba43659ad9e7e1fcdb
ai_suno_unknown_e0e04ef6d1156bfe,a75a4f99-436f-4910-ae94-73411922928d,unknown,chirp-crow,v5,f9f16bcb4422ec0118d60bb94a548f462ab9bc17f72aff55e8ae2bc7c3ef58c0,audio/a75a4f99-436f-4910-ae94-73411922928d.mp3,Kukedlc/suno-ai-music-dataset,bdff424e70c10ef62dca13ba43659ad9e7e1fcdb
ai_suno_unknown_e3c3142b68ce6af5,5b53392d-228c-4571-9d95-53783dbea193,unknown,chirp-crow,v5,135b23ea5f835c147707f7197d94e9b54d95f5323ce5c3aae9fc3ff9885fa7c5,audio/5b53392d-228c-4571-9d95-53783dbea193.mp3,Kukedlc/suno-ai-music-dataset,bdff424e70c10ef62dca13ba43659ad9e7e1fcdb
ai_suno_unknown_e443f3f3f24ca851,38e19d2a-a4b0-4001-bb06-0cf1b35b52fd,unknown,chirp-crow,v5,a455557ccc68caab5c41f612fc22650b05f1a64bd3337289be45802347637b4b,audio/38e19d2a-a4b0-4001-bb06-0cf1b35b52fd.mp3,Kukedlc/suno-ai-music-dataset,bdff424e70c10ef62dca13ba43659ad9e7e1fcdb
ai_suno_unknown_e6b64f5e3b6f902c,dfce378f-052d-4155-983e-35d3c22f5600,unknown,chirp-crow,v5,014cee39d0aef98c10de4b55ec37979353ed03bcb55c090c876b94687ee22fdb,audio/dfce378f-052d-4155-983e-35d3c22f5600.mp3,Kukedlc/suno-ai-music-dataset,bdff424e70c10ef62dca13ba43659ad9e7e1fcdb
ai_suno_unknown_e6ee60dbe6f3b775,ebd781c1-0384-41f2-9128-ce852c48bd3c,unknown,chirp-fenix,v5.5,c4b213f1b89e8553611382a9eeea18d74d4995b2de5907e7cde2bddd2ba83df1,audio/ebd781c1-0384-41f2-9128-ce852c48bd3c.mp3,Kukedlc/suno-ai-music-dataset,bdff424e70c10ef62dca13ba43659ad9e7e1fcdb
ai_suno_unknown_e73509794a2d49be,4547ad63-fc2c-4eb2-8b0d-1f258ea16f11,unknown,chirp-fenix,v5.5,aaf6d3e65ad58e3053192e08afbd4bd8494489c31da6c764dae4c5614c2a1267,audio/4547ad63-fc2c-4eb2-8b0d-1f258ea16f11.mp3,Kukedlc/suno-ai-music-dataset,bdff424e70c10ef62dca13ba43659ad9e7e1fcdb
ai_suno_unknown_e94cc62596976002,29e82427-5ea6-45cc-875b-4d0323f75425,unknown,chirp-crow,v5,ab1fd336352a4a0c12513aad05eb39f2bc6bf9d88f055be74ac78c47ec36f7ce,audio/29e82427-5ea6-45cc-875b-4d0323f75425.mp3,Kukedlc/suno-ai-music-dataset,bdff424e70c10ef62dca13ba43659ad9e7e1fcdb
ai_suno_unknown_e9a6fedc0b250f3b,acba863f-0e8a-4161-9297-514e4840edb0,unknown,chirp-crow,v5,2000fb8892bc54310e942706a04a2fdead8cea34868f80f394ec0742131f7889,audio/acba863f-0e8a-4161-9297-514e4840edb0.mp3,Kukedlc/suno-ai-music-dataset,bdff424e70c10ef62dca13ba43659ad9e7e1fcdb
ai_suno_unknown_ec60047fe3bbf376,5f2d8eac-da2e-46fc-9900-5ad563ced602,unknown,chirp-fenix,v5.5,f1b27ff3ecec1857e4b4eb2d92b0793442ee8a0641b75e5f6916a477ac1b1620,audio/5f2d8eac-da2e-46fc-9900-5ad563ced602.mp3,Kukedlc/suno-ai-music-dataset,bdff424e70c10ef62dca13ba43659ad9e7e1fcdb
ai_suno_unknown_ecb2e3b89426baf5,93a0058f-e1b5-4ef1-8a3a-ca1de634c542,unknown,chirp-crow,v5,391ea86eaa72b28865a449441c58c4e5f9263a600e44573bbd81f2c54e259b2b,audio/93a0058f-e1b5-4ef1-8a3a-ca1de634c542.mp3,Kukedlc/suno-ai-music-dataset,bdff424e70c10ef62dca13ba43659ad9e7e1fcdb
ai_suno_unknown_f2f261db73e46ec4,1dfa326c-44d6-4645-bbf1-f7db7583ddbd,unknown,chirp-crow,v5,10fd701d4946892d6dd630b510d4b67a930cf83b7e3e536d2ba0894fa59b73fd,audio/1dfa326c-44d6-4645-bbf1-f7db7583ddbd.mp3,Kukedlc/suno-ai-music-dataset,bdff424e70c10ef62dca13ba43659ad9e7e1fcdb
ai_suno_unknown_f3beb023fed7fa71,79080b44-5e10-4721-8b24-049a2b251636,unknown,chirp-crow,v5,97e5ebaf9c53ffd950f5fdb9357e63fe2cb3ea39e2e4c9b98a3ad374fb963fbe,audio/79080b44-5e10-4721-8b24-049a2b251636.mp3,Kukedlc/suno-ai-music-dataset,bdff424e70c10ef62dca13ba43659ad9e7e1fcdb
ai_suno_unknown_f5da1fb644513cbf,2ee8cf50-58b1-4e29-ab35-cc3de5d4ec91,unknown,chirp-fenix,v5.5,625109c1d7c40fefc4f94458b5023c0f21f2b0873df3b51eb6fa6526e92df23e,audio/2ee8cf50-58b1-4e29-ab35-cc3de5d4ec91.mp3,Kukedlc/suno-ai-music-dataset,bdff424e70c10ef62dca13ba43659ad9e7e1fcdb
ai_suno_unknown_f69ed332353605d0,181643db-a553-468f-aa39-e43b776e1ad3,unknown,chirp-fenix,v5.5,2558a7fd3ed1d708a23e320bb7926a83354320c103305937575dc0001d781781,audio/181643db-a553-468f-aa39-e43b776e1ad3.mp3,Kukedlc/suno-ai-music-dataset,bdff424e70c10ef62dca13ba43659ad9e7e1fcdb
ai_suno_unknown_f75c20ed8b535695,9c90f30c-19a2-40b1-87ea-0f41e8081b0c,unknown,chirp-crow,v5,d5cd94a67083dd199cbb9de7a464699cfc17a58dc9c4cb0493815d7a0ab58597,audio/9c90f30c-19a2-40b1-87ea-0f41e8081b0c.mp3,Kukedlc/suno-ai-music-dataset,bdff424e70c10ef62dca13ba43659ad9e7e1fcdb
ai_suno_unknown_f8b39318a1169b8d,6be937e3-1305-40fe-b970-63842265ca1c,unknown,chirp-fenix,v5.5,7c57ba239a86a41cebe2e875ed8b9d54bc7cbc65894421595d15f5486badad44,audio/6be937e3-1305-40fe-b970-63842265ca1c.mp3,Kukedlc/suno-ai-music-dataset,bdff424e70c10ef62dca13ba43659ad9e7e1fcdb
ai_suno_unknown_faf814c244144451,1ae55f14-d4c3-4611-9613-e005e3fc5823,unknown,chirp-crow,v5,e2aebbf88b17b66165cb7f0360fb858e80c9a6800384e66b2f4669076508a36c,audio/1ae55f14-d4c3-4611-9613-e005e3fc5823.mp3,Kukedlc/suno-ai-music-dataset,bdff424e70c10ef62dca13ba43659ad9e7e1fcdb
ai_suno_unknown_faf8f8140756ba8f,2fff17bb-359e-4c2e-b0cc-377f2f67ef93,unknown,chirp-fenix,v5.5,ca95b9d656ed7f24b1aa0b3eed65c30f86453e2c258571797131388c1a15ac28,audio/2fff17bb-359e-4c2e-b0cc-377f2f67ef93.mp3,Kukedlc/suno-ai-music-dataset,bdff424e70c10ef62dca13ba43659ad9e7e1fcdb
ai_suno_unknown_fcd1abe0cb58577a,05dadc2c-e572-41a4-a289-42d51667e3ab,unknown,chirp-fenix,v5.5,fe3d4e64ce36cb17067eb370828dbe8c67646673a701fb73ff4c0d3beb0c40d9,audio/05dadc2c-e572-41a4-a289-42d51667e3ab.mp3,Kukedlc/suno-ai-music-dataset,bdff424e70c10ef62dca13ba43659ad9e7e1fcdb
ai_suno_unknown_fcd1e8eb4b7085b5,33764b91-9353-4ff9-aa22-332863e94823,unknown,chirp-crow,v5,9670b8eaff21f13bf99a34676d8b37082dedd98ebb46f15de41ee11a4f750637,audio/33764b91-9353-4ff9-aa22-332863e94823.mp3,Kukedlc/suno-ai-music-dataset,bdff424e70c10ef62dca13ba43659ad9e7e1fcdb
