experiment_id,mirror_id,source_id_recorded_as_medleydb_id,seen_in_official_htdemucs4
human_moisesdb_0044badf-486e-4d18-ad18-ba6b43785928,0044badf-486e-4d18-ad18-ba6b43785928,8427760a-b82e-4136-8f12-dfd53cad9bc9,1
human_moisesdb_007c03e0-15b0-4555-88f5-29687ee66e81,007c03e0-15b0-4555-88f5-29687ee66e81,dc61c44e-a771-47a9-8934-a0eb8f3e08ac,1
human_moisesdb_01099056-a20b-4532-a6b8-40851f1a9a29,01099056-a20b-4532-a6b8-40851f1a9a29,73efd911-79c3-4235-a4ae-45b41d6997b9,1
human_moisesdb_019ccf20-4d99-4bea-ac3b-88d132da8776,019ccf20-4d99-4bea-ac3b-88d132da8776,1ee489e8-55ad-4d4a-8277-24051b85c02d,1
human_moisesdb_02f8fc2f-fcea-4152-8377-18c4a92b8bbb,02f8fc2f-fcea-4152-8377-18c4a92b8bbb,e1108928-9776-434c-bc57-c32dfdb7839c,1
human_moisesdb_0487d250-ffa5-495e-8a23-53ba942855e2,0487d250-ffa5-495e-8a23-53ba942855e2,ea29ab4d-7f72-4331-b2a4-d3945c754211,1
human_moisesdb_06d21677-3ee5-4808-8f21-e28b40982a0b,06d21677-3ee5-4808-8f21-e28b40982a0b,02ee37da-eea3-42b4-83bf-ab7f243afa13,1
human_moisesdb_06f33f97-8531-407a-aa1d-6a5f56eb6416,06f33f97-8531-407a-aa1d-6a5f56eb6416,5640831d-7853-4d06-8166-988e2844b652,1
human_moisesdb_07b98af1-4c18-4392-bbca-9ddd22c94948,07b98af1-4c18-4392-bbca-9ddd22c94948,ef1510e0-ba23-4b59-ba53-14181d73f213,1
human_moisesdb_0849b9ae-be4b-4d60-9b0e-ac629867de43,0849b9ae-be4b-4d60-9b0e-ac629867de43,553048ce-7afd-4e0e-b4cb-4896620287a1,1
human_moisesdb_085052e9-daa6-4a28-bd25-425ca4612c7c,085052e9-daa6-4a28-bd25-425ca4612c7c,63b68795-0076-476b-a917-dec9e89bf91e,1
human_moisesdb_0e127183-69e9-4337-831c-dba2866d4e78,0e127183-69e9-4337-831c-dba2866d4e78,ee082817-dbda-4fbf-b5aa-8dce2320ae35,0
human_moisesdb_0e73146f-a04a-438e-9e23-b62d1c1a1f3e,0e73146f-a04a-438e-9e23-b62d1c1a1f3e,825f697d-5fcd-4429-ba33-23163c726ca7,1
human_moisesdb_122594ab-7f7f-4466-ace2-70bb7dfc65ec,122594ab-7f7f-4466-ace2-70bb7dfc65ec,444fcc6d-1ad1-4584-b3e5-bf3f4f613c8f,1
human_moisesdb_1233e312-4e59-4167-9234-a0ce2bd123ce,1233e312-4e59-4167-9234-a0ce2bd123ce,312bec8d-1c61-43e0-924a-1fb87ddc3e41,1
human_moisesdb_12dc1cb2-2b96-405e-b58e-084d2fe37146,12dc1cb2-2b96-405e-b58e-084d2fe37146,36ee7fc6-604c-4a75-b4f0-0a9ceef3b9cb,1
human_moisesdb_140d4cbc-23d6-49bb-9365-51087a51f3f8,140d4cbc-23d6-49bb-9365-51087a51f3f8,fcd1937f-2b21-4a78-889a-7b7e63e0ebdd,1
human_moisesdb_1487dd4b-4bfe-49aa-b792-f343c126c892,1487dd4b-4bfe-49aa-b792-f343c126c892,75be2864-8b5f-45a1-ae09-6ba10f070f33,1
human_moisesdb_160c34d9-66fb-43b5-b18d-aded6d7d4be5,160c34d9-66fb-43b5-b18d-aded6d7d4be5,c70471f9-9c4a-41c9-b8f8-20ac38847a8e,1
human_moisesdb_1624ed65-a763-42a4-9a52-bdb297ecab34,1624ed65-a763-42a4-9a52-bdb297ecab34,260c431b-72d4-4ac6-bae5-ee49ce5c0fe4,1
human_moisesdb_1660c699-cf5a-4fbb-b5f9-efb471ef2620,1660c699-cf5a-4fbb-b5f9-efb471ef2620,3c557409-3a34-43c2-9159-5421bbad5ecb,1
human_moisesdb_178eb5db-c0a6-4682-be14-7b404fa376bf,178eb5db-c0a6-4682-be14-7b404fa376bf,6ceda40a-88bc-4e98-87c3-dd5c91725d41,1
human_moisesdb_188c0680-f1ef-4d57-91f3-5b5b1f047a41,188c0680-f1ef-4d57-91f3-5b5b1f047a41,88b545e5-4d06-4d55-a306-1bd3a2915ee5,1
human_moisesdb_19710ec3-197b-4ac2-8e6d-3b25cad3d72d,19710ec3-197b-4ac2-8e6d-3b25cad3d72d,f97e0ccd-e2a1-4da9-b8b8-c58e11adc4d9,1
human_moisesdb_198a4178-9857-4264-a74e-679582b85a38,198a4178-9857-4264-a74e-679582b85a38,9ce23a79-20eb-431a-80d2-eda3260ef503,1
human_moisesdb_1a43bd92-e9df-46e6-b696-ff8ea2181025,1a43bd92-e9df-46e6-b696-ff8ea2181025,46bc5393-7753-44ae-913b-bd5fa8f33e98,0
human_moisesdb_1b3e7df0-2a6e-42b6-88f5-9236c235d073,1b3e7df0-2a6e-42b6-88f5-9236c235d073,0e0d57cd-8662-4091-86d4-ed3e35d04ef6,1
human_moisesdb_1dc7895c-87e0-45bd-a301-c730bd734034,1dc7895c-87e0-45bd-a301-c730bd734034,c8f42ad5-5a2f-4398-b9d9-207fd4fcc551,1
human_moisesdb_1e47a85e-2983-4570-848b-9840c9928bf9,1e47a85e-2983-4570-848b-9840c9928bf9,ed7576a1-2fed-4736-8368-74ac347a0718,1
human_moisesdb_1ec4c706-5839-45a5-ae4b-af3049cf2d2b,1ec4c706-5839-45a5-ae4b-af3049cf2d2b,ad6c3742-e517-42eb-9dec-e74ed05387cc,1
human_moisesdb_1f79da81-65ad-408a-adb2-da28b5a3a252,1f79da81-65ad-408a-adb2-da28b5a3a252,014f3712-293b-42af-9f29-0ed1785be792,1
human_moisesdb_1ff87223-c759-4d06-a803-d7651c9ca5bb,1ff87223-c759-4d06-a803-d7651c9ca5bb,f40ffd10-4e8b-41e6-bd8a-971929ca9138,1
human_moisesdb_223bed44-9f75-4cb0-9799-7f87c3f23a68,223bed44-9f75-4cb0-9799-7f87c3f23a68,07c17c22-a321-4a98-a486-ef7ee1bae50e,1
human_moisesdb_2331166d-00a5-49d1-afc5-cca01d02406d,2331166d-00a5-49d1-afc5-cca01d02406d,125fc63d-9b69-4170-a46a-42c91bc28446,1
human_moisesdb_23cf3c97-1083-493f-b61c-a8af5f3ce84c,23cf3c97-1083-493f-b61c-a8af5f3ce84c,6c70d5e0-5972-444a-86f8-a558dbb92d92,1
human_moisesdb_2552d8c9-d45d-4779-8add-451c8cf7f2c0,2552d8c9-d45d-4779-8add-451c8cf7f2c0,e9336d31-c0df-4c91-be2b-7c4420c9cd34,1
human_moisesdb_257f0b3c-4113-4a16-92da-65c4a80b7cac,257f0b3c-4113-4a16-92da-65c4a80b7cac,4a896cde-57c6-4646-b610-1b0b654d0349,1
human_moisesdb_25c909a8-5346-4ac4-872c-5be5c75b8903,25c909a8-5346-4ac4-872c-5be5c75b8903,ea898682-08e7-4818-b516-8c0e10a4c20a,1
human_moisesdb_26a7a156-9ffa-4ea9-b46b-638d38431076,26a7a156-9ffa-4ea9-b46b-638d38431076,16fb6c39-3834-4cfc-abf4-abb4a8d4646c,1
human_moisesdb_26e06c55-cf63-48c1-b7d7-b94f60876ee3,26e06c55-cf63-48c1-b7d7-b94f60876ee3,a199697c-3cdc-47c7-a9c7-c1b07dd6c9dd,1
human_moisesdb_2976322f-2d02-474f-88d8-4e6a0654dc9c,2976322f-2d02-474f-88d8-4e6a0654dc9c,2d39a32d-5993-4f66-89ff-bf9dabb8e45b,1
human_moisesdb_2e1285f3-3d9f-4ec0-9930-cfa8db48200f,2e1285f3-3d9f-4ec0-9930-cfa8db48200f,bb6d72a2-63ba-405e-a2c1-c7442b4190bb,1
human_moisesdb_2f7d856b-1077-4b67-82d7-56fe28fe2cf0,2f7d856b-1077-4b67-82d7-56fe28fe2cf0,3a047d1a-f56d-4bf4-9910-f4f77206e53d,1
human_moisesdb_30084401-8bb1-473d-acd7-0de075e497b9,30084401-8bb1-473d-acd7-0de075e497b9,793b98a0-c776-4943-87eb-b7e07e50f531,1
human_moisesdb_301e23d0-4e57-4c7d-a4d2-6474d53fabe9,301e23d0-4e57-4c7d-a4d2-6474d53fabe9,5f04798d-c7be-4b8a-90bd-1fcd9946e875,1
human_moisesdb_335029ea-35a0-4a3a-a80f-de45f1dcb9d4,335029ea-35a0-4a3a-a80f-de45f1dcb9d4,9c8a5c66-f6d8-4425-8671-6b7aa6a2663b,1
human_moisesdb_33bb702a-f064-4cc0-b25e-3c1ceb1752b0,33bb702a-f064-4cc0-b25e-3c1ceb1752b0,f4b735de-14b1-4091-a9ba-c8b30c0740a7,1
human_moisesdb_353867f2-3ae6-460b-b3a0-037e6a0b34a6,353867f2-3ae6-460b-b3a0-037e6a0b34a6,d4df499c-e394-4753-b459-e167e6a58bad,1
human_moisesdb_36341fd2-a99e-4311-ae3b-fb3d6b201814,36341fd2-a99e-4311-ae3b-fb3d6b201814,8ce11544-9a6f-4f1e-ac2f-fc10343f15c8,1
human_moisesdb_3779da04-c0ac-43c2-982a-9cfea5412509,3779da04-c0ac-43c2-982a-9cfea5412509,dbb07bdc-2706-4e67-8b59-43f98cf1608a,1
human_moisesdb_3c0b5a76-ce96-489b-8c09-6d69b28930b0,3c0b5a76-ce96-489b-8c09-6d69b28930b0,3a6023c3-4cd8-46c0-a376-d353743648a9,1
human_moisesdb_3dc82086-e99d-4ceb-b3f7-3c075adf1739,3dc82086-e99d-4ceb-b3f7-3c075adf1739,765d5131-afd9-4ad7-8786-8bef5705c1c2,1
human_moisesdb_3f10005d-d339-47ce-aed7-da12ef756aa4,3f10005d-d339-47ce-aed7-da12ef756aa4,3c3b5fdb-f15e-4ba4-884a-b083ce2426c6,1
human_moisesdb_3fa79c72-190a-4978-b3ca-16c1dd9c08b8,3fa79c72-190a-4978-b3ca-16c1dd9c08b8,3e7985e5-408f-4cf8-92b9-b9f62f738dd3,1
human_moisesdb_40a5cc0a-18ad-425d-9c5b-1c4a6d97a296,40a5cc0a-18ad-425d-9c5b-1c4a6d97a296,04798708-6915-4dbc-842e-d394d545d4eb,1
human_moisesdb_4171b793-1c2a-412a-94c9-c521336b81dd,4171b793-1c2a-412a-94c9-c521336b81dd,04204031-4f98-44ba-9c47-98c2f2e6b8fc,1
human_moisesdb_425d1532-8f32-4246-a2d3-d9eac74918ec,425d1532-8f32-4246-a2d3-d9eac74918ec,8e2d0c5c-6764-4d74-a740-391d7931ffd7,1
human_moisesdb_42aa265c-d51c-45ea-b8d9-5bc59600699e,42aa265c-d51c-45ea-b8d9-5bc59600699e,8042b88a-6179-406b-9ec4-b45a4cdd4a71,1
human_moisesdb_42b4b059-33eb-48f9-8d69-efd1578c6998,42b4b059-33eb-48f9-8d69-efd1578c6998,94fafb2a-9f4e-4a01-bee9-998008f95f41,1
human_moisesdb_438b4e4b-01d4-4022-8131-4771dd10ac68,438b4e4b-01d4-4022-8131-4771dd10ac68,322f4d9d-b0c9-4ab3-9e30-544a25331ffd,1
human_moisesdb_43dd139a-9cd6-4c61-b4e9-9487f4138925,43dd139a-9cd6-4c61-b4e9-9487f4138925,7524054e-dc67-47e0-8c26-ea1d4d70d2fb,1
human_moisesdb_47453192-1d6f-436e-b3a4-92280b769221,47453192-1d6f-436e-b3a4-92280b769221,a1dcaeb2-f4e6-4818-b490-09f44d624afc,1
human_moisesdb_4829ee1f-1e5d-403d-b289-cebfbdd85bc1,4829ee1f-1e5d-403d-b289-cebfbdd85bc1,d028d7c2-45c1-4846-b7df-4964238fd460,1
human_moisesdb_4a1502f8-9b38-4ba9-a3bf-0cee1b30d115,4a1502f8-9b38-4ba9-a3bf-0cee1b30d115,9ac2612b-e25f-4d27-8d43-b957e7e5a74b,1
human_moisesdb_4b738760-38ec-482e-a733-880605bed66b,4b738760-38ec-482e-a733-880605bed66b,8a307c5d-9d65-4f1c-a024-5eaeff1faa34,1
human_moisesdb_4c1eb8dc-e464-41cb-9bc8-0d4b72b58e10,4c1eb8dc-e464-41cb-9bc8-0d4b72b58e10,4b9f86f4-23e4-458b-839e-8a63b584bea3,1
human_moisesdb_538fa384-63e0-40e6-9920-a0456988fe55,538fa384-63e0-40e6-9920-a0456988fe55,fd6e4b4a-f33a-4f3c-aa6e-7c65fd5dc0bc,1
human_moisesdb_549277f8-d550-4c7a-a02e-b6df05f463bb,549277f8-d550-4c7a-a02e-b6df05f463bb,07fb2df2-91d6-458d-9230-9638b4edac08,1
human_moisesdb_57323a9f-f67e-43f2-96d6-48bad7b81a5e,57323a9f-f67e-43f2-96d6-48bad7b81a5e,491c1ff5-1e7b-4046-8029-a82d4a8aefb4,1
human_moisesdb_573706eb-fcd9-4794-b90e-6eb38622903f,573706eb-fcd9-4794-b90e-6eb38622903f,ca080447-fe99-4f6d-98c9-c69b68dacba3,1
human_moisesdb_59675e1f-d5ae-4a35-adcb-6c19afe51aa2,59675e1f-d5ae-4a35-adcb-6c19afe51aa2,0d528a19-cb0f-4421-b250-444f9343e51c,1
human_moisesdb_5af89a81-2f91-49f7-a949-ed6dcea602a2,5af89a81-2f91-49f7-a949-ed6dcea602a2,e37cdb09-e648-4e9b-bc06-d178a964161c,1
human_moisesdb_5b8462d0-3e15-474e-b0fd-37d48953d2c9,5b8462d0-3e15-474e-b0fd-37d48953d2c9,fe3ae408-d35f-4c17-aa33-402238725a9d,1
human_moisesdb_5deb3e04-d13d-4a0d-b407-515f934e551c,5deb3e04-d13d-4a0d-b407-515f934e551c,97b07e0e-274e-4212-a66b-44210a48724d,1
human_moisesdb_5f971d9a-9031-4e56-8b4d-9c93ce375044,5f971d9a-9031-4e56-8b4d-9c93ce375044,606e3380-b062-4b74-88ac-b60d6f4d0a37,1
human_moisesdb_620881ca-7e72-4377-af0b-241a5b46bf5c,620881ca-7e72-4377-af0b-241a5b46bf5c,3f5233cb-57fa-4772-b389-f295a6f416ae,1
human_moisesdb_626717ef-236f-462f-bb02-6fa37704ff31,626717ef-236f-462f-bb02-6fa37704ff31,1ade22ad-99bc-4954-b2b9-fb9e8fa06d41,1
human_moisesdb_627d0f38-c764-4436-91a6-bcb8431d3989,627d0f38-c764-4436-91a6-bcb8431d3989,9efa702f-c6b1-40bb-93ef-095b34a5b775,1
human_moisesdb_63782a17-6aac-4361-9878-87e11b1f1a41,63782a17-6aac-4361-9878-87e11b1f1a41,1fc37390-1769-452d-9bea-19025be4c467,1
human_moisesdb_63e31819-4209-4a80-b86f-573ef67e7ab8,63e31819-4209-4a80-b86f-573ef67e7ab8,58fa04aa-426f-4e16-a112-29eb6e2f2d3e,1
human_moisesdb_65ed4d66-79b6-4a79-8ae6-1061a9d86f47,65ed4d66-79b6-4a79-8ae6-1061a9d86f47,8a6c9c1f-4865-404f-a805-1949de36a33c,1
human_moisesdb_66a041bd-34cd-4e65-943b-f3d4cb174355,66a041bd-34cd-4e65-943b-f3d4cb174355,2a3fd99d-c86f-4275-9321-ad7146364503,1
human_moisesdb_69b77753-8127-4e09-a1e3-a95116c09e1c,69b77753-8127-4e09-a1e3-a95116c09e1c,4857878a-e44b-4143-90e9-b65d0b704306,1
human_moisesdb_6a61244d-6109-4f61-b51f-b46663855bfc,6a61244d-6109-4f61-b51f-b46663855bfc,e2ccbc17-44bf-431a-af2b-4cf2fbd19a72,1
human_moisesdb_6bbefc2f-9f18-46ca-b0de-9dc98d806a9b,6bbefc2f-9f18-46ca-b0de-9dc98d806a9b,c228818e-eabe-434b-9d60-2fb84a6c5b2a,1
human_moisesdb_6ed5fb50-c9fc-4108-b6f5-c4e7b8c88bd0,6ed5fb50-c9fc-4108-b6f5-c4e7b8c88bd0,78ef22ce-472f-4f82-8656-16df73b9465f,1
human_moisesdb_73880852-b60c-4c47-ae72-e3d40c3660c0,73880852-b60c-4c47-ae72-e3d40c3660c0,bdd109ec-d5dd-4d91-92ad-66b679518026,1
human_moisesdb_73c5cce6-83b0-4c8a-bff9-26c3388f0048,73c5cce6-83b0-4c8a-bff9-26c3388f0048,d2401d3d-967c-46be-b9a0-3da571105158,1
human_moisesdb_746c5ae1-71b8-4f07-9595-503f57b99a94,746c5ae1-71b8-4f07-9595-503f57b99a94,6ce087b4-e571-4472-9be2-04b5340311c6,1
human_moisesdb_74e96d75-cfa1-4a62-8bc8-a35317eb1840,74e96d75-cfa1-4a62-8bc8-a35317eb1840,3e389000-8fdc-4b63-b8b8-ab044273790d,1
human_moisesdb_75733518-dbf4-4c25-8f16-f9e48afae2b6,75733518-dbf4-4c25-8f16-f9e48afae2b6,b876b54b-6007-4d36-a6f4-efed8829d5fc,1
human_moisesdb_761c542a-d8c5-4cb5-bc7e-dd7a26e77661,761c542a-d8c5-4cb5-bc7e-dd7a26e77661,d624037a-1a76-4dd9-9e60-4ba380748a0b,1
human_moisesdb_762218d9-e4ce-4067-a9c1-1976f7b3d69d,762218d9-e4ce-4067-a9c1-1976f7b3d69d,afca84b2-0277-4b1b-8696-5f14543f338c,1
human_moisesdb_76664e23-cfa9-4708-a9b6-3d2474026805,76664e23-cfa9-4708-a9b6-3d2474026805,7180bffa-dd48-49b9-bc02-f6e3f7f165b0,1
human_moisesdb_76dd8ca2-272f-4978-80e8-cc047f91e658,76dd8ca2-272f-4978-80e8-cc047f91e658,04f22a24-b328-47aa-8251-ce3ae8a64c07,1
human_moisesdb_7771fc33-57b4-4431-8be6-891c277b38aa,7771fc33-57b4-4431-8be6-891c277b38aa,f9e58f4d-e361-4598-9c9a-d0a83529cc68,1
human_moisesdb_780a2bb2-0666-4f2a-bfc3-f9a89260c9fd,780a2bb2-0666-4f2a-bfc3-f9a89260c9fd,0a589d65-50a3-4999-8f16-b5b6199bceee,1
human_moisesdb_783d670f-920f-4ef8-b080-7b6a9663d986,783d670f-920f-4ef8-b080-7b6a9663d986,69dff382-cfcb-457c-98e5-978450e1b76a,1
human_moisesdb_783f331b-5844-4ed3-8904-7fa25e94f182,783f331b-5844-4ed3-8904-7fa25e94f182,d45bb3a6-eb80-44b3-b2ef-56cc9d5b4914,1
human_moisesdb_7a5a08f6-428d-4e61-af9e-647f98f96bc9,7a5a08f6-428d-4e61-af9e-647f98f96bc9,95378cf3-e939-42e0-b486-ebf2ca951664,1
human_moisesdb_7c066c0d-33b3-4f99-b0ad-f34941c87472,7c066c0d-33b3-4f99-b0ad-f34941c87472,13f233aa-a2e5-4683-8533-2f1e344b55b4,1
human_moisesdb_7c45cf52-5862-4dac-960b-974eb36fa272,7c45cf52-5862-4dac-960b-974eb36fa272,33b1d4e9-96d7-4b18-9ffc-199c579aad78,1
human_moisesdb_7ed277f7-ac31-470c-b01d-9f106413f643,7ed277f7-ac31-470c-b01d-9f106413f643,25789239-1075-43b9-bfc9-51dff4a29590,1
human_moisesdb_7ee6db35-f312-4828-90d3-16650b79a342,7ee6db35-f312-4828-90d3-16650b79a342,3e41f238-7c48-4a42-ba70-5ee39824a844,1
human_moisesdb_810102cc-63c6-4d39-9194-f49a0cb3e740,810102cc-63c6-4d39-9194-f49a0cb3e740,fc3c9e48-e2ac-4088-af65-68404baa7f12,1
human_moisesdb_8244f8d9-9980-4829-a5e2-0548e3cc8c6f,8244f8d9-9980-4829-a5e2-0548e3cc8c6f,adb5e3fd-d039-42e4-b09b-fd0784fa0c82,1
human_moisesdb_830ce3b9-c862-4602-8f1d-a9553de1eff2,830ce3b9-c862-4602-8f1d-a9553de1eff2,87a5da23-f17b-44da-accf-c04832f81a14,1
human_moisesdb_87b1a65a-875d-4cc6-89c8-dfce8ecc88b1,87b1a65a-875d-4cc6-89c8-dfce8ecc88b1,747d5c98-665b-4470-a696-7a6cf6968ef1,1
human_moisesdb_88320c35-adac-4d7c-9157-1a6e97c24235,88320c35-adac-4d7c-9157-1a6e97c24235,43ca388d-3e62-4df2-b72d-abf407a7aa5a,1
human_moisesdb_8833ada4-318f-4408-a65b-823ad31972c5,8833ada4-318f-4408-a65b-823ad31972c5,bbf40b5a-8ef9-4aec-a6c3-8b8706eb2ba0,1
human_moisesdb_897ed6f4-c981-4fa7-8e8c-a7bacb4bd3e8,897ed6f4-c981-4fa7-8e8c-a7bacb4bd3e8,1f98fe4d-26c7-460f-9f68-33964bc4d8d3,1
human_moisesdb_8a856b82-d7b3-4383-90cf-ef9d92758ce6,8a856b82-d7b3-4383-90cf-ef9d92758ce6,21ce1331-6066-4ff4-9a54-f6f62bb5fb0d,1
human_moisesdb_8b0219e2-ab69-4548-aa66-93931b4e3e66,8b0219e2-ab69-4548-aa66-93931b4e3e66,30cfc60a-5a57-4000-a05e-65006c8f6f74,1
human_moisesdb_8bf17955-73fd-4f73-8df0-2ffd12ea9c81,8bf17955-73fd-4f73-8df0-2ffd12ea9c81,05b0ab77-2495-438d-8831-e3d81f96c16d,1
human_moisesdb_8c0a1df2-f8a2-44b0-b916-0fd69323b830,8c0a1df2-f8a2-44b0-b916-0fd69323b830,737356b2-ce9c-448b-877b-e42b3ed94563,1
human_moisesdb_8cc61b3d-02a0-4e09-a566-2e893cfeabfc,8cc61b3d-02a0-4e09-a566-2e893cfeabfc,9f581867-9f63-4ec4-8a43-e62c3c4230a6,1
human_moisesdb_8ecaefa6-a1f2-45d5-b926-e291befbcc30,8ecaefa6-a1f2-45d5-b926-e291befbcc30,174a115f-3688-45dc-8c39-9d05f21758e1,1
human_moisesdb_907c2fcf-dbd9-4162-a22e-ab9a7d15f520,907c2fcf-dbd9-4162-a22e-ab9a7d15f520,2c020edb-5947-4fa7-afea-ebc592cea683,1
human_moisesdb_90a3c5f6-d798-4f89-a4bc-b9016a56252c,90a3c5f6-d798-4f89-a4bc-b9016a56252c,0f5fb60c-51d4-4618-871d-650c9e927b79,1
human_moisesdb_91961d17-ac1f-46b9-b35a-ceeae8380554,91961d17-ac1f-46b9-b35a-ceeae8380554,49478a32-483f-48d2-a594-d272b44bf587,1
human_moisesdb_93ba1916-d2d5-4e66-bdc3-673346e89d91,93ba1916-d2d5-4e66-bdc3-673346e89d91,7efcb55d-c0db-472f-b765-1739ad7536aa,1
human_moisesdb_97062af1-df66-457c-b029-8872f5b544f2,97062af1-df66-457c-b029-8872f5b544f2,2dc237cd-1637-46f0-8f58-ca68dc6f6031,1
human_moisesdb_98ad7b75-399e-4968-8474-c2207ab0482d,98ad7b75-399e-4968-8474-c2207ab0482d,dda2c057-6d73-43fa-a130-d7d6562c09ca,1
human_moisesdb_9afbc5ac-c550-4e50-9e04-76cc71fbd2bd,9afbc5ac-c550-4e50-9e04-76cc71fbd2bd,2e5d996d-43f3-4359-b7c5-afebe9997556,1
human_moisesdb_9b489e2e-5c89-4fc4-bdf5-c166740a14b0,9b489e2e-5c89-4fc4-bdf5-c166740a14b0,25516a0f-3197-47e4-8fbf-de9500fc68d2,1
human_moisesdb_9b9e16f0-8a88-4162-9311-0036828a0ff8,9b9e16f0-8a88-4162-9311-0036828a0ff8,89f2c781-5c67-4508-a2d6-236744b8c197,1
human_moisesdb_9c3d8b8e-14b4-41b6-9dac-e3e375810bed,9c3d8b8e-14b4-41b6-9dac-e3e375810bed,06bfc6e7-e5ac-4827-bf8e-ffaf1675872f,1
human_moisesdb_9f7d881b-e36d-47ae-ac10-0966e8edbb14,9f7d881b-e36d-47ae-ac10-0966e8edbb14,6cd44645-ed19-4ecc-a57c-58d400005b29,1
human_moisesdb_a0da0fb0-c74e-4c6d-a5e4-d36693e7fa2e,a0da0fb0-c74e-4c6d-a5e4-d36693e7fa2e,cc3e4991-6cce-40fe-a917-81a4fbb92ea6,1
human_moisesdb_a1d09860-6966-4c5f-9811-ad24acf6dbbf,a1d09860-6966-4c5f-9811-ad24acf6dbbf,d7d28204-a8ac-4c2b-bb3c-c941f4a00b85,1
human_moisesdb_a2a55d67-7bb1-4e20-a552-59da32586ae3,a2a55d67-7bb1-4e20-a552-59da32586ae3,1e957e76-d7a2-4b84-bc4a-afa87979ff57,1
human_moisesdb_a38bcc83-084a-4cb7-aed2-0467148b25c6,a38bcc83-084a-4cb7-aed2-0467148b25c6,6e50565e-8179-4913-af54-a2a7f0dcab2f,1
human_moisesdb_a41c1e12-9d01-4cf1-b1f1-c30139875044,a41c1e12-9d01-4cf1-b1f1-c30139875044,f4d79498-4ba0-4813-9b9e-986374242573,1
human_moisesdb_a57bb1ed-51a1-445d-8c99-3b789ccdf06c,a57bb1ed-51a1-445d-8c99-3b789ccdf06c,d4fe2408-c123-4739-93bb-22f558ae99d7,1
human_moisesdb_a7b63f1e-4b15-4bc8-b208-1c4dcf6b6669,a7b63f1e-4b15-4bc8-b208-1c4dcf6b6669,7bfa233c-24ed-4c7a-9096-11e3aa00c55d,1
human_moisesdb_a85229ae-5e8f-4b88-98b2-398f3d984890,a85229ae-5e8f-4b88-98b2-398f3d984890,d890ff35-300d-49f2-8054-49ab47262987,1
human_moisesdb_a853da2a-f788-4e75-b637-e41c2aec37a5,a853da2a-f788-4e75-b637-e41c2aec37a5,390b4fea-92be-4fe3-9576-86529f80b4ae,1
human_moisesdb_a859eaf9-d457-4756-921e-efeea3f156cf,a859eaf9-d457-4756-921e-efeea3f156cf,e62afdcd-0c96-4bee-80c7-1c17b897a6d7,1
human_moisesdb_a9440be2-5205-4724-b395-df89d1921715,a9440be2-5205-4724-b395-df89d1921715,e3ab3975-033b-40e2-b538-09396b3d4244,1
human_moisesdb_a95fc0fe-306f-4d5f-b6c4-38ffcb1353e8,a95fc0fe-306f-4d5f-b6c4-38ffcb1353e8,58efddfb-04b3-4951-858e-e7dbcfccfc21,1
human_moisesdb_a98caa0d-4f70-40aa-89b0-5fc6f2116259,a98caa0d-4f70-40aa-89b0-5fc6f2116259,9eb8bc50-cffb-4c19-be0e-d27423e3e102,1
human_moisesdb_aae42673-c400-40cf-a342-2058dba4e8d5,aae42673-c400-40cf-a342-2058dba4e8d5,0358fd1e-244a-4422-9a42-29b5d68f6e4b,0
human_moisesdb_ab390c58-8d7b-48dc-8c56-a89344f1993b,ab390c58-8d7b-48dc-8c56-a89344f1993b,1a32e987-cae8-458f-9c26-d9a6abf5348d,1
human_moisesdb_ab86c505-9ac8-4057-a75a-de69ba254709,ab86c505-9ac8-4057-a75a-de69ba254709,28748b6e-6125-42f7-998d-2ad734e39b6c,1
human_moisesdb_ab9e54e9-7b64-457e-a17d-87175b203031,ab9e54e9-7b64-457e-a17d-87175b203031,028c6f6a-f4f6-4795-84f2-a81222b38e7e,1
human_moisesdb_adc42fac-35e1-4c61-b496-3d089372ff60,adc42fac-35e1-4c61-b496-3d089372ff60,3e656eec-84d4-4a45-b410-d3817d849f92,1
human_moisesdb_aecbf681-2667-4dca-b1c6-56ec381cfbf7,aecbf681-2667-4dca-b1c6-56ec381cfbf7,664cc931-4e00-441e-9a78-e7a292515cea,1
human_moisesdb_afa2103b-a84b-4bfd-a5b2-063df453ffe1,afa2103b-a84b-4bfd-a5b2-063df453ffe1,bd065894-3521-415f-b39f-5a6980f024fb,1
human_moisesdb_afbc20f5-95b1-4710-977c-6cfebe05381d,afbc20f5-95b1-4710-977c-6cfebe05381d,92ba4404-76ff-4523-a787-652057e06c13,1
human_moisesdb_b2b799b0-507f-484a-852e-b88458a767e0,b2b799b0-507f-484a-852e-b88458a767e0,763641c7-488f-4959-a554-fdbce9582644,1
human_moisesdb_b342eaa2-d909-4506-ae4a-c834cdf3d4ea,b342eaa2-d909-4506-ae4a-c834cdf3d4ea,53808b95-cfe9-461d-a113-ffadf32817a1,1
human_moisesdb_b3689d3d-ff33-4145-81d6-0811c811648b,b3689d3d-ff33-4145-81d6-0811c811648b,046ab651-a333-46e1-9d27-ab14ee036c42,1
human_moisesdb_b431c56f-eee7-404c-b34f-91232f3ad4b4,b431c56f-eee7-404c-b34f-91232f3ad4b4,f0101ed8-7c32-4744-8b2a-1b621cb4833b,1
human_moisesdb_b55795d5-5e72-4263-93d1-39de8e15dffd,b55795d5-5e72-4263-93d1-39de8e15dffd,b8d6f3eb-f2d6-4342-af90-6d09f5257b6b,1
human_moisesdb_b6ab76ec-306a-4a85-87ca-e0fbde6f22c7,b6ab76ec-306a-4a85-87ca-e0fbde6f22c7,1921a83e-0373-4bf7-8dc9-6cc9401c9309,1
human_moisesdb_b88ec226-5183-46f0-adf9-423c0a4bc64b,b88ec226-5183-46f0-adf9-423c0a4bc64b,dfb0e076-cb6b-4dcc-9934-c60070ff04d7,1
human_moisesdb_b9735680-8262-4199-b72a-92cfdc0c01c3,b9735680-8262-4199-b72a-92cfdc0c01c3,25be35fb-ab11-485c-9b71-4fcb46ef3c2a,1
human_moisesdb_b9ed4da7-c960-48aa-a742-59d5e904c900,b9ed4da7-c960-48aa-a742-59d5e904c900,378742ba-5ba8-44c2-9cfd-8a609decca57,1
human_moisesdb_ba60e6da-f96a-4907-8d5e-d6cd8ed854f7,ba60e6da-f96a-4907-8d5e-d6cd8ed854f7,6681f493-c996-424a-9bdb-c671912ea9db,1
human_moisesdb_badacbf2-2117-46b7-a0aa-630d828fe5bf,badacbf2-2117-46b7-a0aa-630d828fe5bf,045dcfd1-e960-4332-80cc-fdacc4a7c6a7,1
human_moisesdb_bba7c2f2-5913-4e39-bb0c-13884bc894a7,bba7c2f2-5913-4e39-bb0c-13884bc894a7,baea951d-526a-49aa-8329-c8de676341fb,1
human_moisesdb_bce40ceb-daac-45e0-a7c8-103bca249bcc,bce40ceb-daac-45e0-a7c8-103bca249bcc,8b83ba75-5e35-48c4-b42f-5419da2e6301,1
human_moisesdb_bce4d25d-80e9-430f-9556-427fb178eb87,bce4d25d-80e9-430f-9556-427fb178eb87,ebea0f1d-8e23-469e-8eed-5269a9c684f0,1
human_moisesdb_bce8a819-15b2-4588-92a9-34c464ce4ccb,bce8a819-15b2-4588-92a9-34c464ce4ccb,05e7af85-9721-4b42-952a-ccd34feb6033,1
human_moisesdb_bdb73cad-3baa-4c57-824d-830408d0d33e,bdb73cad-3baa-4c57-824d-830408d0d33e,731893c6-67b9-42f0-aea6-d1f70c2c9870,1
human_moisesdb_c05824bf-1e4e-4691-9281-e6d7db1abd5b,c05824bf-1e4e-4691-9281-e6d7db1abd5b,aa600069-0a98-45e6-94fa-4000bfe46c25,1
human_moisesdb_c3517451-adef-4f1d-864e-9802162ba2b2,c3517451-adef-4f1d-864e-9802162ba2b2,152d4f5d-4093-4fa4-a4a4-8a9b3502d89d,1
human_moisesdb_c414d25e-3f11-4477-8379-1af832911df3,c414d25e-3f11-4477-8379-1af832911df3,72c6f013-11ea-4bf7-93b2-c6ef2c117718,1
human_moisesdb_c483fd5c-f858-4eac-b9c7-aaaa54d447cb,c483fd5c-f858-4eac-b9c7-aaaa54d447cb,35983cdd-3903-46cb-b184-f96274ced57b,1
human_moisesdb_c74147a0-2621-4954-a483-cdbb3354f8b0,c74147a0-2621-4954-a483-cdbb3354f8b0,b8a79d39-346e-4258-a810-572b3b2c9ab1,1
human_moisesdb_c7a17407-00f8-45c0-92a2-c2c161ee92ec,c7a17407-00f8-45c0-92a2-c2c161ee92ec,f9a1d21b-bfc7-45e1-b744-c57d0a0880c3,1
human_moisesdb_c7fc1d66-b5ac-4bb2-9240-6eecb13cb03b,c7fc1d66-b5ac-4bb2-9240-6eecb13cb03b,c6d73235-1dd5-4085-a3b3-50a3466c6168,1
human_moisesdb_c8009858-02fd-42de-849e-e88dafb9bc86,c8009858-02fd-42de-849e-e88dafb9bc86,4cbd6c36-87a2-4d50-86e3-52d39b98fad3,1
human_moisesdb_c8ed8e35-5f86-4043-8639-0c2a10de40c8,c8ed8e35-5f86-4043-8639-0c2a10de40c8,06114cc2-e34d-4f8f-82d3-cf6981572f2f,1
human_moisesdb_c9a86272-a810-4ea1-80f6-d60d5ffd5c9b,c9a86272-a810-4ea1-80f6-d60d5ffd5c9b,ad9bbefc-8762-46c9-b847-da14b10802b6,1
human_moisesdb_ca34b92f-fec4-46c1-a8be-61754d1dd6bc,ca34b92f-fec4-46c1-a8be-61754d1dd6bc,49ed7cef-8ffb-4833-bc96-6df7b8ff5b43,1
human_moisesdb_cb0d22fa-30e5-4a98-ac39-ad7aa8a65ead,cb0d22fa-30e5-4a98-ac39-ad7aa8a65ead,7ba734f0-547e-4142-a9b4-01a0c25b9d1f,1
human_moisesdb_cb9b6d7f-13a0-4ab7-9660-a3a73c39f4c0,cb9b6d7f-13a0-4ab7-9660-a3a73c39f4c0,6a67c964-4514-4bdd-86d4-e290e67ab593,1
human_moisesdb_cd23b2c4-029b-4ac5-b745-9a636b8c344d,cd23b2c4-029b-4ac5-b745-9a636b8c344d,6031b120-f6e2-4999-96ba-a1e31be68ea8,1
human_moisesdb_cf105c37-03d7-4bf8-9c22-c00ab6cee3c9,cf105c37-03d7-4bf8-9c22-c00ab6cee3c9,01c8ba69-8eee-485b-bab0-41a76f9e8892,1
human_moisesdb_d0847684-24cb-4df5-954c-31833f6504bf,d0847684-24cb-4df5-954c-31833f6504bf,de22c812-b5c3-4c7d-92aa-f62faf8b63f7,1
human_moisesdb_d107b9f7-03a4-4262-b4c7-8985e3d55d01,d107b9f7-03a4-4262-b4c7-8985e3d55d01,ed90a89a-bf22-444d-af3d-d9ac3896ebd2,1
human_moisesdb_d1a160f9-4de1-4cc5-9d1f-9e7436a75590,d1a160f9-4de1-4cc5-9d1f-9e7436a75590,d8f0e410-5761-4d4a-9000-effe11089bbd,1
human_moisesdb_d1fd09ea-3d55-48c0-8f3d-e4881862953d,d1fd09ea-3d55-48c0-8f3d-e4881862953d,4380ad97-2620-4419-a011-ddfa29a87f54,1
human_moisesdb_d202c746-d5bd-4231-9ff3-14b90759ffb5,d202c746-d5bd-4231-9ff3-14b90759ffb5,48c78ca6-18e9-42f2-9f05-fdbee90a7786,1
human_moisesdb_d4acf1f9-b6aa-4f49-bfcd-42f50f8b5b5e,d4acf1f9-b6aa-4f49-bfcd-42f50f8b5b5e,810d7318-4c9e-4160-b147-bbdb65d41861,1
human_moisesdb_d6a3195b-b9d8-4103-a69d-c35cd5209c4f,d6a3195b-b9d8-4103-a69d-c35cd5209c4f,b92cb1ca-baa9-4c74-b6dc-36389671ed76,0
human_moisesdb_d7ac75f4-c00b-4a70-9cb9-19ce88d45b1f,d7ac75f4-c00b-4a70-9cb9-19ce88d45b1f,cff5bcde-6a15-4c5b-b529-e1c528c46335,1
human_moisesdb_d86094ec-6236-4330-a5b5-4336a9664a30,d86094ec-6236-4330-a5b5-4336a9664a30,524ab371-f6c6-4ff7-b896-e83750c8bef7,1
human_moisesdb_dadcee28-f452-42da-a65d-7a035c7ad14a,dadcee28-f452-42da-a65d-7a035c7ad14a,212bb137-fd01-465e-80f3-a890fb0ebcdd,1
human_moisesdb_db89d954-e628-4ee6-8efb-58a0b67175c1,db89d954-e628-4ee6-8efb-58a0b67175c1,bdcc429e-ed95-40d3-a1af-bad268d66b25,1
human_moisesdb_dcdc5e9b-599c-4638-8ca5-669e02db4a6f,dcdc5e9b-599c-4638-8ca5-669e02db4a6f,b207da3d-4baf-485a-98e1-657602479b3a,1
human_moisesdb_dd98ca82-8952-41d9-8a6e-4f528e9cad06,dd98ca82-8952-41d9-8a6e-4f528e9cad06,8ba20549-c038-47c0-a808-e38741135911,1
human_moisesdb_dda4a05a-686b-4ee6-baaa-e7d59e590b2f,dda4a05a-686b-4ee6-baaa-e7d59e590b2f,22d265ef-ee2b-4aba-8d60-c3430295cd6d,1
human_moisesdb_ded73034-e0f9-4438-b7c8-0cb6415f8312,ded73034-e0f9-4438-b7c8-0cb6415f8312,aaf0fc7b-d7f5-412c-b3b9-313a7c483666,1
human_moisesdb_e0889a2c-c688-4b79-8fdc-4fdef74ec22d,e0889a2c-c688-4b79-8fdc-4fdef74ec22d,cda46831-26d1-4dd8-ac50-6004d27d45dd,1
human_moisesdb_e1932507-f090-4852-8488-831fe714bf49,e1932507-f090-4852-8488-831fe714bf49,6b48c9de-fa34-4635-9718-04e01a03a0fe,1
human_moisesdb_e1a8d36b-4487-4a8d-8933-269c8e47cdde,e1a8d36b-4487-4a8d-8933-269c8e47cdde,24f8a652-0168-4702-8725-42f9924e6729,1
human_moisesdb_e3874d07-006a-4d63-b170-eda0bebac644,e3874d07-006a-4d63-b170-eda0bebac644,169628c5-266d-4e11-993b-440fa5fa2167,1
human_moisesdb_e3975afb-5f62-408c-95eb-6ec23ade3484,e3975afb-5f62-408c-95eb-6ec23ade3484,1afe1b3b-3e2e-48d3-b859-f50e222cbaf4,1
human_moisesdb_e5e25966-1d4d-4342-82b4-ea218afd5a4f,e5e25966-1d4d-4342-82b4-ea218afd5a4f,7e74ce11-1603-440b-8794-b6e665b917e1,1
human_moisesdb_e61ca5be-8b56-4cee-b960-06c2b3f5a59a,e61ca5be-8b56-4cee-b960-06c2b3f5a59a,6de41c50-0c49-4528-b60b-75c45d3630f4,1
human_moisesdb_e66e9ad8-eec1-46a6-aff1-388fa06a36b3,e66e9ad8-eec1-46a6-aff1-388fa06a36b3,bc1f2967-f834-43bd-aadc-95afc897cfe7,1
human_moisesdb_e7bee28d-8c1d-45d9-a4fb-33dcbf3364a4,e7bee28d-8c1d-45d9-a4fb-33dcbf3364a4,2973adc9-6bf8-4422-9f7a-6fd0038eb565,1
human_moisesdb_e85d3df9-e7b0-4c3c-9609-c8439b346b45,e85d3df9-e7b0-4c3c-9609-c8439b346b45,11845abc-8ca3-4fb2-bd84-521aeeff56f4,1
human_moisesdb_e9544b0e-b580-4795-b3c0-98efc88d68ad,e9544b0e-b580-4795-b3c0-98efc88d68ad,f0c565c5-fc73-4da1-b979-0fac0167f671,1
human_moisesdb_e9837e75-8332-42d1-a572-a0609a1532c6,e9837e75-8332-42d1-a572-a0609a1532c6,2b4e8304-c92d-4347-b09e-cfb9b3e29bf2,1
human_moisesdb_e9ff1724-8f56-44a8-877a-782de7013771,e9ff1724-8f56-44a8-877a-782de7013771,8804c154-6294-481a-ad63-bc61162cae2f,1
human_moisesdb_eb961875-8442-4e9c-8868-380543f6c4af,eb961875-8442-4e9c-8868-380543f6c4af,cc7f7675-d3c8-4a49-a2d7-a8959b694004,1
human_moisesdb_ebc34717-8724-4f13-82e6-a5467304f4d6,ebc34717-8724-4f13-82e6-a5467304f4d6,9653a690-c28c-4e8f-962e-ff7ed18b8ee9,1
human_moisesdb_ebdd35d8-ea27-4906-908f-9edaea1119a2,ebdd35d8-ea27-4906-908f-9edaea1119a2,d4262245-3143-4c05-8423-6cbdc6253042,1
human_moisesdb_ec21eeeb-6e6d-4c31-95d7-39fee2713334,ec21eeeb-6e6d-4c31-95d7-39fee2713334,5a6df5c7-a58a-479e-bdfb-c5946c221933,1
human_moisesdb_edb01f06-16cd-453f-8205-670343578138,edb01f06-16cd-453f-8205-670343578138,a56d9450-3a26-485c-8ac3-24b6b54e2c1d,1
human_moisesdb_eede0ef9-66d8-4931-a04f-31fb497d21c1,eede0ef9-66d8-4931-a04f-31fb497d21c1,22ea41a3-1766-4a76-8071-380b27f1869a,1
human_moisesdb_f272ddd8-9aea-4d65-a1ce-141bd3d65e5e,f272ddd8-9aea-4d65-a1ce-141bd3d65e5e,bc964128-da16-4e4c-af95-4d1211e78c70,1
human_moisesdb_f315d9cb-6056-489d-9047-5d1ed19c8861,f315d9cb-6056-489d-9047-5d1ed19c8861,334ed0e5-1761-4ee9-9d39-a555eb9b64a0,1
human_moisesdb_f3a5a76d-8cdb-4035-8c06-b9f5eba7bc4e,f3a5a76d-8cdb-4035-8c06-b9f5eba7bc4e,bb45cf1a-4c58-4fe3-88ea-97ef27527507,1
human_moisesdb_f3b02b17-3964-490a-bb92-448392b0b629,f3b02b17-3964-490a-bb92-448392b0b629,e2e4ce50-cd0d-4144-809d-4cf8c8e4912e,1
human_moisesdb_f4872c3a-1bd2-4b38-a68a-2e7214a95c2a,f4872c3a-1bd2-4b38-a68a-2e7214a95c2a,93dda0e8-dd76-49e4-b08f-54a82387cdf6,1
human_moisesdb_f48fbea9-f40a-4ca4-8780-ccb495ff9b5d,f48fbea9-f40a-4ca4-8780-ccb495ff9b5d,fa46f72c-696d-45bc-bcc5-2b3305800565,1
human_moisesdb_f4dc370a-5c61-469e-8b81-6de70b83f45b,f4dc370a-5c61-469e-8b81-6de70b83f45b,fac94d9a-59da-4f83-9027-3eafe082ad16,1
human_moisesdb_f5635296-b1cc-455f-958b-28e6bfa5d85d,f5635296-b1cc-455f-958b-28e6bfa5d85d,7a9f3169-7bdf-483c-9634-8e5b097d50df,1
human_moisesdb_f78c74e8-56c0-4c18-9587-c887b22da404,f78c74e8-56c0-4c18-9587-c887b22da404,faad432d-6ad0-492d-96f1-321eeb9685b5,1
human_moisesdb_f793c340-823a-40e7-999c-3b067503298a,f793c340-823a-40e7-999c-3b067503298a,89c515c9-5e93-4cb4-9806-20432d2d074d,1
human_moisesdb_f7a94943-53b5-46c9-af42-a38db5492886,f7a94943-53b5-46c9-af42-a38db5492886,215391aa-1168-42dd-9cab-f8b0c6ff566b,1
human_moisesdb_f926766a-cd53-4c84-baa6-fe888be45d98,f926766a-cd53-4c84-baa6-fe888be45d98,4999a0bf-a753-4e0e-85b1-690259dabf96,1
human_moisesdb_f9651a2d-0f4b-4eb5-8fb0-1d6b98e689f2,f9651a2d-0f4b-4eb5-8fb0-1d6b98e689f2,f76e2c13-9a9a-4cac-b6dd-45b5111aac6d,1
human_moisesdb_fa481532-149d-40c0-af8b-4943c34e6bf1,fa481532-149d-40c0-af8b-4943c34e6bf1,c2ba72ec-cf74-4155-a7c1-ddd921ac41d3,1
human_moisesdb_fa94cd0c-c360-456a-90c6-4bc6f6c9200e,fa94cd0c-c360-456a-90c6-4bc6f6c9200e,c8752696-4ae5-4e47-b2ad-622496966fa9,1
human_moisesdb_fac7cb86-ec9d-4e12-8ac9-0142d75dbe7f,fac7cb86-ec9d-4e12-8ac9-0142d75dbe7f,64549dc5-4104-4f8c-bce1-560d44e94562,1
human_moisesdb_fb280d4e-bdf3-4998-a650-c3abd9c3c10e,fb280d4e-bdf3-4998-a650-c3abd9c3c10e,704f1de9-1d02-4c2b-af05-107a7700a51d,1
human_moisesdb_fb6c43b0-bb45-483b-a3e3-9f5ec2cdfe88,fb6c43b0-bb45-483b-a3e3-9f5ec2cdfe88,35a19148-49bf-451d-9a0e-5ab8e914c367,1
human_moisesdb_fb79c4eb-da1c-4ae7-b37d-19a9876c5a2d,fb79c4eb-da1c-4ae7-b37d-19a9876c5a2d,6b168ae6-9d8a-4dc2-9d27-898e6871bf8b,1
human_moisesdb_fba8a115-6b33-4873-ab3b-eb982f76e230,fba8a115-6b33-4873-ab3b-eb982f76e230,aefc1609-976b-423e-8516-f7d588d64ff7,1
human_moisesdb_fbbc0051-ea72-4375-ad3d-5dbd26f0cf94,fbbc0051-ea72-4375-ad3d-5dbd26f0cf94,a0b9a4e4-51f5-4c98-a090-0317fb891056,1
human_moisesdb_fc720eb1-a4fd-4794-a67e-acf3f9f5ec6a,fc720eb1-a4fd-4794-a67e-acf3f9f5ec6a,bacbb01f-b877-4d62-8050-992f1d85543a,1
human_moisesdb_fccde049-2f0d-40d7-aaa4-eea8e01e2877,fccde049-2f0d-40d7-aaa4-eea8e01e2877,c2330200-ad8e-4848-8c2b-b70612f4b80e,1
human_moisesdb_fd1ce3af-f9c8-42c4-aa01-df0a0594aee1,fd1ce3af-f9c8-42c4-aa01-df0a0594aee1,e4de8632-6f69-4c63-8081-f4c2b77b40df,1
human_moisesdb_ff8220e1-17d4-42b7-93c4-4555235a1e92,ff8220e1-17d4-42b7-93c4-4555235a1e92,8f36f17f-c033-4c1b-a793-80dce43d507b,1
