id,source_group,included_in_native30_classifier_cohort,original_sha256,original_bytes,archive_url,archive_member,recording_mbid,title
saraga_hindustani_001932a8-85a2-4f3f-9497-5e322c85abcd,human_saraga_hindustani_v1,True,f1ae52b322be9c743918f4e4068cdd898de6d20d564bd573e433e20fc365c8f2,10936521,https://zenodo.org/records/4301737/files/saraga1.5_hindustani.zip,saraga1.5_hindustani/Hindustani Alaps by Kaustuv Kanti Ganguli/Raag Miyan Malhar/Raag Miyan Malhar.mp3.mp3,001932a8-85a2-4f3f-9497-5e322c85abcd,Raag Miyan Malhar
saraga_hindustani_01c69de7-7aea-4e54-bc2b-bdd7758c650c,human_saraga_hindustani_v1,True,e47ae2557572e182f987566553957d7b94df28fd53732afff0f63cbe9d027c45,45298230,https://zenodo.org/records/4301737/files/saraga1.5_hindustani.zip,saraga1.5_hindustani/Raag Bhatiyar & Bhairavi Thumri by Kaustuv Kanti Ganguli/Raag Bhatiyar/Raag Bhatiyar.mp3.mp3,01c69de7-7aea-4e54-bc2b-bdd7758c650c,Raag Bhatiyar
saraga_hindustani_047abeeb-88f5-4395-8542-f7448668a281,human_saraga_hindustani_v1,True,d2617c2ec2a56f2579d07b94a119dafd3cc5ba83f50a4def6b21971a3833aa50,7564113,https://zenodo.org/records/4301737/files/saraga1.5_hindustani.zip,saraga1.5_hindustani/Hindustani Alaps by Kaustuv Kanti Ganguli/Raag Lalit/Raag Lalit.mp3.mp3,047abeeb-88f5-4395-8542-f7448668a281,Raag Lalit
saraga_hindustani_0a11bf6f-b55d-459c-9447-7a5a555a286f,human_saraga_hindustani_v1,True,290736173d44873d4bc1255a5bf664c27824c1a4aa5134477f430c22ecbd3e49,28773680,https://zenodo.org/records/4301737/files/saraga1.5_hindustani.zip,saraga1.5_hindustani/Raag Bhairav & Dhani by Kumar Gandharva/Raag Bhairav/Raag Bhairav.mp3.mp3,0a11bf6f-b55d-459c-9447-7a5a555a286f,Raag Bhairav
saraga_hindustani_0bdad2a8-94d8-40c2-91ec-e77100fcaa02,human_saraga_hindustani_v1,True,de20441638fcce51aa732896d63915fae0f11b235411cc5bf2fb396ddd3255ad,67971345,https://zenodo.org/records/4301737/files/saraga1.5_hindustani.zip,saraga1.5_hindustani/Raag Bhimpalasi & Multani by Omkar Dadarkar/Raag Multani/Raag Multani.mp3.mp3,0bdad2a8-94d8-40c2-91ec-e77100fcaa02,Raag Multani
saraga_hindustani_0bf5e46b-2434-496e-a1b2-cbf3273fdbdf,human_saraga_hindustani_v1,True,f264836e872ed5493310e81389f2e8aec18207495cdc6789ba0de8c7dd2e3205,23806404,https://zenodo.org/records/4301737/files/saraga1.5_hindustani.zip,saraga1.5_hindustani/Anaahata by Milind Malshe/Raag Lalita Gauri/Raag Lalita Gauri.mp3.mp3,0bf5e46b-2434-496e-a1b2-cbf3273fdbdf,Raag Lalita Gauri
saraga_hindustani_0f84aacf-9703-46ab-b5cd-2f8c6bd82b29,human_saraga_hindustani_v1,True,c4d6f9084fbcc001b80eb8a061cf607598f41fd22428d7ca4714f6265ee39c82,8921269,https://zenodo.org/records/4301737/files/saraga1.5_hindustani.zip,saraga1.5_hindustani/Anaahata by Milind Malshe/Raag Jogiya/Raag Jogiya.mp3.mp3,0f84aacf-9703-46ab-b5cd-2f8c6bd82b29,Raag Jogiya
saraga_hindustani_15906c20-4376-46a0-a0d5-7093216f4534,human_saraga_hindustani_v1,True,9d4bbce6ef9eea92b35a10d378e60ed3cd0f6885d43a9905f8e383d798168dd2,9217021,https://zenodo.org/records/4301737/files/saraga1.5_hindustani.zip,saraga1.5_hindustani/Anaahata by Milind Malshe/Raag Nat Kamod/Raag Nat Kamod.mp3.mp3,15906c20-4376-46a0-a0d5-7093216f4534,Raag Nat Kamod
saraga_hindustani_15b6df7e-2b76-484d-9089-1619cc850b59,human_saraga_hindustani_v1,True,6f6d6a6a5226135da008b307a0cb2b9c941ddefdbf2142c6667091d25f1c5be9,13109354,https://zenodo.org/records/4301737/files/saraga1.5_hindustani.zip,saraga1.5_hindustani/Hindustani Alaps by Kaustuv Kanti Ganguli/Raag Puriya Dhanashree/Raag Puriya Dhanashree.mp3.mp3,15b6df7e-2b76-484d-9089-1619cc850b59,Raag Puriya Dhanashree
saraga_hindustani_1a311323-791b-46fa-ab59-b749adcd18e1,human_saraga_hindustani_v1,True,9b4b3b621398b3eba90180f3f2ce493f92a838ccf593e62a64c6000840d86586,45752354,https://zenodo.org/records/4301737/files/saraga1.5_hindustani.zip,saraga1.5_hindustani/Raag Marwa & Hameer by Sameehan Kashalkar/Raag Marwa/Raag Marwa.mp3.mp3,1a311323-791b-46fa-ab59-b749adcd18e1,Raag Marwa
saraga_hindustani_1da7a284-99d3-46be-9537-13e2edf8d928,human_saraga_hindustani_v1,True,e2f7f3dba0b8b333c007e77865dab032cf2694d7f085027adead45161e2f34b6,27522020,https://zenodo.org/records/4301737/files/saraga1.5_hindustani.zip,"saraga1.5_hindustani/Raag Shree, Lalit Pancham & Bhairavi Thumri by Kaustuv Kanti Ganguli/Bhairavi Thumri/Bhairavi Thumri.mp3.mp3",1da7a284-99d3-46be-9537-13e2edf8d928,Bhairavi Thumri
saraga_hindustani_1f9922a5-0366-4461-96ac-81a31703416b,human_saraga_hindustani_v1,True,42eda792041a67b4002ca71b092aba7678d35df412f941a9e75c50d9ddc054dd,78712239,https://zenodo.org/records/4301737/files/saraga1.5_hindustani.zip,saraga1.5_hindustani/Raag Mian Malhar & Ramdasi Malhar by Deborshee Bhattacharya/Raag Mian Malhar/Raag Mian Malhar.mp3.mp3,1f9922a5-0366-4461-96ac-81a31703416b,Raag Mian Malhar
saraga_hindustani_204008ee-89fe-44a4-a0c7-7bd7d64cf8a4,human_saraga_hindustani_v1,True,ef264a41f19a40046e89edcb347af1049bda982cdbfef7888ad347eb53766a08,12183205,https://zenodo.org/records/4301737/files/saraga1.5_hindustani.zip,saraga1.5_hindustani/Geetinandan : Part-3 by Ajoy Chakrabarty/Todi/Todi.mp3.mp3,204008ee-89fe-44a4-a0c7-7bd7d64cf8a4,Todi
saraga_hindustani_2073b056-8120-4b04-b808-3d6a8c6a2bd7,human_saraga_hindustani_v1,False,9bdb5024a85e59e27852e8946657ff6a8ae00cfb39b1622ea7f8b758abaa9c18,55841954,https://zenodo.org/records/4301737/files/saraga1.5_hindustani.zip,saraga1.5_hindustani/Raag Ahir Bhairon & Todi by Omkar Dadarkar/Raag Ahir Bhairon/Raag Ahir Bhairon.mp3.mp3,2073b056-8120-4b04-b808-3d6a8c6a2bd7,Raag Ahir Bhairon
saraga_hindustani_20aac96e-9e62-41e9-a3ce-5e6f2d7fff1a,human_saraga_hindustani_v1,True,3da1d6ea9d73042186f0aac8bcbec1f0317f25da7908e9dfdf1efb195a856b1c,50462098,https://zenodo.org/records/4301737/files/saraga1.5_hindustani.zip,saraga1.5_hindustani/Raag Bhairav & Dhani by Kumar Gandharva/Raag Dhani/Raag Dhani.mp3.mp3,20aac96e-9e62-41e9-a3ce-5e6f2d7fff1a,Raag Dhani
saraga_hindustani_25d5c348-023b-487b-b149-a46d553cedee,human_saraga_hindustani_v1,False,bd7588722654613274c53311603bc4c0ebaef403f0360a7fd34dd5b7bdfc2ad1,30094600,https://zenodo.org/records/4301737/files/saraga1.5_hindustani.zip,saraga1.5_hindustani/Raag Ahir Bhairon & Todi by Omkar Dadarkar/Raag Todi/Raag Todi.mp3.mp3,25d5c348-023b-487b-b149-a46d553cedee,Raag Todi
saraga_hindustani_274262a7-58b8-455a-a6f5-91a421453c3e,human_saraga_hindustani_v1,True,a7c8d8c08e435752a161fad111c91f85163ffc88803dcc543114bcf57fa8a9bb,18796586,https://zenodo.org/records/4301737/files/saraga1.5_hindustani.zip,saraga1.5_hindustani/Raag Bhoopali & Paraj by Sameehan Kashalkar/Raag Paraj/Raag Paraj.mp3.mp3,274262a7-58b8-455a-a6f5-91a421453c3e,Raag Paraj
saraga_hindustani_2e5c159d-3dea-4a47-b871-76536866d643,human_saraga_hindustani_v1,True,3723a1ffe31adcf8f527fc747e5391859a9c1193aa45e603871e0b64eb410137,6703658,https://zenodo.org/records/4301737/files/saraga1.5_hindustani.zip,saraga1.5_hindustani/Geetinandan : Part-3 by Ajoy Chakrabarty/Taal and Sur of Thekas/Taal and Sur of Thekas.mp3.mp3,2e5c159d-3dea-4a47-b871-76536866d643,Taal and Sur of Thekas
saraga_hindustani_3124479b-5118-4cf3-823f-8fefad45e586,human_saraga_hindustani_v1,True,4e0947de5f0f5c66fac365d66985a2603c3da225e4e713267408ec9c4864598f,19202152,https://zenodo.org/records/4301737/files/saraga1.5_hindustani.zip,saraga1.5_hindustani/Geetinandan : Part-3 by Ajoy Chakrabarty/Bilaskhani Todi/Bilaskhani Todi.mp3.mp3,3124479b-5118-4cf3-823f-8fefad45e586,Bilaskhani Todi
saraga_hindustani_34c7f5c5-cd81-4a53-ae65-90c97f9effd2,human_saraga_hindustani_v1,True,824e4701b64489328675f1ade3dc6ab0a7dd128b8528e2c8830ecb18b507a583,86018225,https://zenodo.org/records/4301737/files/saraga1.5_hindustani.zip,saraga1.5_hindustani/Raag Lagan Gandhar & Nirgun Bhajan by Kumar Gandharva/Raag Lagan Gandhar/Raag Lagan Gandhar.mp3.mp3,34c7f5c5-cd81-4a53-ae65-90c97f9effd2,Raag Lagan Gandhar
saraga_hindustani_3a75a312-b119-41f8-8a5a-e799ebeed0cc,human_saraga_hindustani_v1,True,2a5a922042177b8cef69918291cebe9e6ae6d0098ba1b56167d8bb90b33c875f,18150753,https://zenodo.org/records/4301737/files/saraga1.5_hindustani.zip,saraga1.5_hindustani/Geetinandan : Part-3 by Ajoy Chakrabarty/Sudh Sarang/Sudh Sarang.mp3.mp3,3a75a312-b119-41f8-8a5a-e799ebeed0cc,Sudh Sarang
saraga_hindustani_3e2b9a68-43dc-45aa-b021-f4f6b3cb6171,human_saraga_hindustani_v1,True,1f23a9cc279ac8cc431a19757325fca5b812111839511806a6420916642e18f8,21945915,https://zenodo.org/records/4301737/files/saraga1.5_hindustani.zip,saraga1.5_hindustani/Anaahata by Milind Malshe/Raag Ramgauri & Gauri/Raag Ramgauri & Gauri.mp3.mp3,3e2b9a68-43dc-45aa-b021-f4f6b3cb6171,Raag Ramgauri & Gauri
saraga_hindustani_3f162361-c4fa-46f9-bc56-58242d978449,human_saraga_hindustani_v1,True,a22d023321340b2102ced4d1c1862fc28f26d31743f98442f7a16ab9cfc0d7bc,111512583,https://zenodo.org/records/4301737/files/saraga1.5_hindustani.zip,saraga1.5_hindustani/Raag Todi by Kumar Gandharva/Raag Todi/Raag Todi.mp3.mp3,3f162361-c4fa-46f9-bc56-58242d978449,Raag Todi
saraga_hindustani_43957847-9bdd-4f81-a540-3db26a0ad652,human_saraga_hindustani_v1,True,eabdf901082e60558f79df5d4665f291757f2f09b15e4810e392dc700cbb0415,58630511,https://zenodo.org/records/4301737/files/saraga1.5_hindustani.zip,saraga1.5_hindustani/Raag Poorva & Gaud Malhar by Sameehan Kashalkar/Raag Poorva/Raag Poorva.mp3.mp3,43957847-9bdd-4f81-a540-3db26a0ad652,Raag Poorva
saraga_hindustani_44e9d183-06d3-41c7-81d2-4c874010f383,human_saraga_hindustani_v1,True,c14c705eac5b3040deda913f2ad051fb607dbe12d98ba9c85992093b8cf19fb1,16003214,https://zenodo.org/records/4301737/files/saraga1.5_hindustani.zip,saraga1.5_hindustani/Anaahata by Milind Malshe/Raag Hindol Pancham/Raag Hindol Pancham.mp3.mp3,44e9d183-06d3-41c7-81d2-4c874010f383,Raag Hindol Pancham
saraga_hindustani_450a6fcc-3c0a-483d-a31b-dde91413dcdd,human_saraga_hindustani_v1,False,6aece8a92a2b1b1f241c89017f9ffde44e30caf8fab8db95e5c16e1738db6e47,9218952,https://zenodo.org/records/4301737/files/saraga1.5_hindustani.zip,saraga1.5_hindustani/Geetinandan : Part-3 by Ajoy Chakrabarty/Shrutinandan Concept - an Introduction by Pandit Ajoy Chakrabarty/Shrutinandan Concept - an Introduction by Pandit Ajoy Chakrabarty.mp3.mp3,450a6fcc-3c0a-483d-a31b-dde91413dcdd,Shrutinandan Concept - an Introduction by Pandit Ajoy Chakrabarty
saraga_hindustani_454f0c85-a41b-48c1-afa5-b4f5dbcb7947,human_saraga_hindustani_v1,True,4408387e7c2bba7dfb3c3f4448ac3deae142afd4271b75bcd2fac7061ce55236,96123331,https://zenodo.org/records/4301737/files/saraga1.5_hindustani.zip,"saraga1.5_hindustani/Raag Shree, Lalit Pancham & Bhairavi Thumri by Kaustuv Kanti Ganguli/Raag Shree/Raag Shree.mp3.mp3",454f0c85-a41b-48c1-afa5-b4f5dbcb7947,Raag Shree
saraga_hindustani_456b18c5-e88b-49b2-ab3e-bcf7cb2d093a,human_saraga_hindustani_v1,True,19be33dd9ed9eca9b139410c678dca569f323543a469b3d9ff5055a5a5d53dfc,23139674,https://zenodo.org/records/4301737/files/saraga1.5_hindustani.zip,saraga1.5_hindustani/Raag Puriya & Bhimpalasi by Brajeshwar Mukherjee/Raag Bhimpalasi/Raag Bhimpalasi.mp3.mp3,456b18c5-e88b-49b2-ab3e-bcf7cb2d093a,Raag Bhimpalasi
saraga_hindustani_49747cb6-7edc-43aa-bf15-44a6043f6472,human_saraga_hindustani_v1,True,9316f4bc2a40425f8145d75f6965a82633f1d9002c73540060a38592bd795b06,5738486,https://zenodo.org/records/4301737/files/saraga1.5_hindustani.zip,"saraga1.5_hindustani/Raag Malkauns, Chandrakauns & Majh Khamaj Thumri by Satyasheel Deshpande/Raag Chandrakauns/Raag Chandrakauns.mp3.mp3",49747cb6-7edc-43aa-bf15-44a6043f6472,Raag Chandrakauns
saraga_hindustani_4bc5cb16-9808-431b-87a4-4dd63af6bb17,human_saraga_hindustani_v1,False,88402570fe9d57732c0c409f526cdc0b124f193f6e4f9e7de61b94919c880dd6,6122486,https://zenodo.org/records/4301737/files/saraga1.5_hindustani.zip,saraga1.5_hindustani/Subha Chale Sham Dhale by Ajoy Chakrabarty/Introductory speech by Ajoy Chakrabarty/Introductory speech by Ajoy Chakrabarty.mp3.mp3,4bc5cb16-9808-431b-87a4-4dd63af6bb17,Introductory speech by Ajoy Chakrabarty
saraga_hindustani_51656b20-295c-40f9-8dab-005b9b90fa98,human_saraga_hindustani_v1,True,79b55959720ceb13561ad14be998c447c95fcee511ae563f0101482bb3189965,13302115,https://zenodo.org/records/4301737/files/saraga1.5_hindustani.zip,saraga1.5_hindustani/Geetinandan : Part-3 by Ajoy Chakrabarty/Aahir Bhairon/Aahir Bhairon.mp3.mp3,51656b20-295c-40f9-8dab-005b9b90fa98,Aahir Bhairon
saraga_hindustani_52944bc0-4639-4760-be76-f2720a20be81,human_saraga_hindustani_v1,True,4a2c8010492374b5aaecfe93925e52bf34ab2e870645d470e912e13c1deab498,55646063,https://zenodo.org/records/4301737/files/saraga1.5_hindustani.zip,"saraga1.5_hindustani/Raag Malkauns, Chandrakauns & Majh Khamaj Thumri by Satyasheel Deshpande/Raag Malkauns/Raag Malkauns.mp3.mp3",52944bc0-4639-4760-be76-f2720a20be81,Raag Malkauns
saraga_hindustani_52d71bd6-1d8b-4007-a027-5732adf68355,human_saraga_hindustani_v1,True,f2de1595ec02694c57ebbc23c499e78d7aff967697f60d77a90925e643ada27a,25646194,https://zenodo.org/records/4301737/files/saraga1.5_hindustani.zip,saraga1.5_hindustani/New Signature by Brajeshwar Mukherjee/Raag Saraswati/Raag Saraswati.mp3.mp3,52d71bd6-1d8b-4007-a027-5732adf68355,Raag Saraswati
saraga_hindustani_566d6c64-ae66-45e7-9f91-e33cd6c0f18f,human_saraga_hindustani_v1,True,ed5faa4e7c5edb3f069054773784e9e64ec5010babcb3b66dc0b999c971fed78,100521258,https://zenodo.org/records/4301737/files/saraga1.5_hindustani.zip,saraga1.5_hindustani/Raag Kedar & Jog by Ajoy Chakrabarty/Raag Jog/Raag Jog.mp3.mp3,566d6c64-ae66-45e7-9f91-e33cd6c0f18f,Raag Jog
saraga_hindustani_57b81628-b37d-4fee-991a-4f2387bca45a,human_saraga_hindustani_v1,True,7b45b50b63f665701ab66a5875eee5907849d3cd55703204f0e10c4fba557d71,8239639,https://zenodo.org/records/4301737/files/saraga1.5_hindustani.zip,saraga1.5_hindustani/Hindustani Alaps by Kaustuv Kanti Ganguli/Raag Bilaskhani Todi/Raag Bilaskhani Todi.mp3.mp3,57b81628-b37d-4fee-991a-4f2387bca45a,Raag Bilaskhani Todi
saraga_hindustani_59b4daa8-bc31-446d-9f1d-670d5adec627,human_saraga_hindustani_v1,True,57f02d0b8c973b86158624fcee27a3b2644168c29ac261f974db387a667c6b25,16587508,https://zenodo.org/records/4301737/files/saraga1.5_hindustani.zip,saraga1.5_hindustani/Raag Kedar & Sohani by Sameehan Kashalkar/Raag Sohani/Raag Sohani.mp3.mp3,59b4daa8-bc31-446d-9f1d-670d5adec627,Raag Sohani
saraga_hindustani_5c464958-6411-480b-8b36-84da68bea036,human_saraga_hindustani_v1,False,b07b1fd242b3bff3a61131f26b724fc44fb59b58ba94227561aa1d7565ced651,7913323,https://zenodo.org/records/4301737/files/saraga1.5_hindustani.zip,saraga1.5_hindustani/Subha Chale Sham Dhale by Ajoy Chakrabarty/Introduction about Ajoy Chakrabarty/Introduction about Ajoy Chakrabarty.mp3.mp3,5c464958-6411-480b-8b36-84da68bea036,Introduction about Ajoy Chakrabarty
saraga_hindustani_5d56b3ab-99d1-48c3-a785-269d74ccc944,human_saraga_hindustani_v1,True,da51783942f9a8d0265e69d95f93f522113e9f6db6a749473aeb4f98d7c6bed7,57696197,https://zenodo.org/records/4301737/files/saraga1.5_hindustani.zip,saraga1.5_hindustani/Raag Bihag & Bhairavi Dadra by Omkar Dadarkar/Raag Bihag/Raag Bihag.mp3.mp3,5d56b3ab-99d1-48c3-a785-269d74ccc944,Raag Bihag
saraga_hindustani_62c7a9e6-e720-4cec-98cf-dda45c28bc0e,human_saraga_hindustani_v1,True,f438237d8cb156e1011a336ab96362b7a1eea251fd71a7cc0642c32b2b42da3f,12626954,https://zenodo.org/records/4301737/files/saraga1.5_hindustani.zip,saraga1.5_hindustani/Hindustani Alaps by Kaustuv Kanti Ganguli/Raag Desh/Raag Desh.mp3.mp3,62c7a9e6-e720-4cec-98cf-dda45c28bc0e,Raag Desh
saraga_hindustani_631bde83-42e4-4c04-b260-3dbbd5b03799,human_saraga_hindustani_v1,True,eb4997f868d769943a2c2dd5944163792129f71a4e4b38626c4ff7e54a770398,21673078,https://zenodo.org/records/4301737/files/saraga1.5_hindustani.zip,saraga1.5_hindustani/Geetinandan : Part-3 by Ajoy Chakrabarty/Maru Bihag/Maru Bihag.mp3.mp3,631bde83-42e4-4c04-b260-3dbbd5b03799,Maru Bihag
saraga_hindustani_66084e18-2dec-44bf-8bcb-48bf040b9318,human_saraga_hindustani_v1,True,a6b48b7b726891d5a8f315aec303c03158a5dcd9d30f38baeeeb54e4fae39641,13706223,https://zenodo.org/records/4301737/files/saraga1.5_hindustani.zip,saraga1.5_hindustani/Anaahata by Milind Malshe/Raag Dagori_Deepki/Raag Dagori_Deepki.mp3.mp3,66084e18-2dec-44bf-8bcb-48bf040b9318,Raag Dagori/Deepki
saraga_hindustani_6a2c841d-5a0e-4886-a5c0-f856fccbb938,human_saraga_hindustani_v1,True,954d957763c9feb9febae91717b0201f0dd5e890ab3e29394d40599a615ea585,14317068,https://zenodo.org/records/4301737/files/saraga1.5_hindustani.zip,saraga1.5_hindustani/Geetinandan : Part-3 by Ajoy Chakrabarty/Nat Bhairon/Nat Bhairon.mp3.mp3,6a2c841d-5a0e-4886-a5c0-f856fccbb938,Nat Bhairon
saraga_hindustani_6ac112dd-b04f-4ad8-9913-1a1bfc35c5ec,human_saraga_hindustani_v1,True,f004915d317496f76b2c38ce2812431ff36ac34e1eb1f9ebe6be0bb73d266e0f,89692429,https://zenodo.org/records/4301737/files/saraga1.5_hindustani.zip,saraga1.5_hindustani/Subha Chale Sham Dhale by Ajoy Chakrabarty/Raga Shree - Khayal/Raga Shree - Khayal.mp3.mp3,6ac112dd-b04f-4ad8-9913-1a1bfc35c5ec,Raga Shree - Khayal
saraga_hindustani_6bb27c39-a1d0-4775-8915-662044c43352,human_saraga_hindustani_v1,True,cae8a436b5c84f4b98485327b9b1f80592a3d6e2188394ef36b1941cb70045c5,7766179,https://zenodo.org/records/4301737/files/saraga1.5_hindustani.zip,"saraga1.5_hindustani/Raag Malkauns, Chandrakauns & Majh Khamaj Thumri by Satyasheel Deshpande/Majh Khamaj Thumri/Majh Khamaj Thumri.mp3.mp3",6bb27c39-a1d0-4775-8915-662044c43352,Majh Khamaj Thumri
saraga_hindustani_6e377364-69ab-48fb-a90c-0661429cfdec,human_saraga_hindustani_v1,True,c5bfe994d807eacc7c4f91070cc382b6ae0dc0ae9ab40132afd21f3c5eac8983,25510529,https://zenodo.org/records/4301737/files/saraga1.5_hindustani.zip,saraga1.5_hindustani/Subha Chale Sham Dhale by Ajoy Chakrabarty/Thumri in Piloo/Thumri in Piloo.mp3.mp3,6e377364-69ab-48fb-a90c-0661429cfdec,Thumri in Piloo
saraga_hindustani_73b74f57-4ba1-4f22-a969-1d9b2e26b5ea,human_saraga_hindustani_v1,True,886260408ab489409e874ccba978fcf78363d0665853e0293bd265c80e8e9ca7,44971576,https://zenodo.org/records/4301737/files/saraga1.5_hindustani.zip,"saraga1.5_hindustani/Raag Bahar, Gaud Malhar & Yaman by Omkar Dadarkar/Raag Gaud Malhar/Raag Gaud Malhar.mp3.mp3",73b74f57-4ba1-4f22-a969-1d9b2e26b5ea,Raag Gaud Malhar
saraga_hindustani_7704b0d2-eeac-47e4-ba05-c541a91eb621,human_saraga_hindustani_v1,True,de12358f4d34176bc5c9b577defe90d3b55cc334ef0a99b723af84fb656eca2c,11097650,https://zenodo.org/records/4301737/files/saraga1.5_hindustani.zip,saraga1.5_hindustani/Geetinandan : Part-3 by Ajoy Chakrabarty/Raageshree/Raageshree.mp3.mp3,7704b0d2-eeac-47e4-ba05-c541a91eb621,Raageshree
saraga_hindustani_78e3eb01-f033-4461-9a3f-3ffbdf0834fb,human_saraga_hindustani_v1,True,e5cf4a4172b07b86eb22b0ab14b8efdb05507023b0c349c81f502e457ce1bbc9,25274330,https://zenodo.org/records/4301737/files/saraga1.5_hindustani.zip,saraga1.5_hindustani/Raag Marwa & Hameer by Sameehan Kashalkar/Raag Hameer/Raag Hameer.mp3.mp3,78e3eb01-f033-4461-9a3f-3ffbdf0834fb,Raag Hameer
saraga_hindustani_80d7ae8a-c78b-4469-a3de-b1271df8c50f,human_saraga_hindustani_v1,True,41731b01d32a307339530666f1838491f3a64d7f82acd39b4c0f7d1eef13f332,62296365,https://zenodo.org/records/4301737/files/saraga1.5_hindustani.zip,saraga1.5_hindustani/Raag Kedar & Sohani by Sameehan Kashalkar/Raag Kedar/Raag Kedar.mp3.mp3,80d7ae8a-c78b-4469-a3de-b1271df8c50f,Raag Kedar
saraga_hindustani_82f80a73-a455-408a-a1bd-241b4b4f2388,human_saraga_hindustani_v1,True,ee47c792afaba7962dcd771febed9ece94ee41698c6f6209cae95a62f5ef5209,7024945,https://zenodo.org/records/4301737/files/saraga1.5_hindustani.zip,saraga1.5_hindustani/Hindustani Alaps by Kaustuv Kanti Ganguli/Raag Yaman/Raag Yaman.mp3.mp3,82f80a73-a455-408a-a1bd-241b4b4f2388,Raag Yaman
saraga_hindustani_89224046-f086-4530-b2a3-70f9ae697faf,human_saraga_hindustani_v1,True,f0a35ce935a53eb454b31ed481e6ad8e473fca5867de307ca77bf1fd4d153d32,13422472,https://zenodo.org/records/4301737/files/saraga1.5_hindustani.zip,saraga1.5_hindustani/Hindustani Alaps by Kaustuv Kanti Ganguli/Raag Madhukauns/Raag Madhukauns.mp3.mp3,89224046-f086-4530-b2a3-70f9ae697faf,Raag Madhukauns
saraga_hindustani_897f4174-24be-493a-be1c-57fd3c018601,human_saraga_hindustani_v1,True,0308ee702b86378eca4511740fb189e45f9dd96335e9c7f570b49c16f6771e1c,64180373,https://zenodo.org/records/4301737/files/saraga1.5_hindustani.zip,saraga1.5_hindustani/Raag Bageshree & Bhairavi Bhajan by Satyasheel Deshpande/Raag Bageshree/Raag Bageshree.mp3.mp3,897f4174-24be-493a-be1c-57fd3c018601,Raag Bageshree
saraga_hindustani_8e815f51-194f-4e14-b1e3-5a214590d895,human_saraga_hindustani_v1,True,37f2080caf7a8f82ac9a19c038dd214a7d9f8ead3e6bb02a887042ae037bda88,50089732,https://zenodo.org/records/4301737/files/saraga1.5_hindustani.zip,saraga1.5_hindustani/Raag Lalit & Bibhas by Omkar Dadarkar/Raag Lalit/Raag Lalit.mp3.mp3,8e815f51-194f-4e14-b1e3-5a214590d895,Raag Lalit
saraga_hindustani_8eaaeecc-159b-4537-993c-51e62219f88a,human_saraga_hindustani_v1,True,947911319f5e47a024074b9b7ea4e3bb50cdd49641cceaf35ab2de96f5709ef0,21354736,https://zenodo.org/records/4301737/files/saraga1.5_hindustani.zip,saraga1.5_hindustani/Anaahata by Milind Malshe/Raag Basanti Kedar/Raag Basanti Kedar.mp3.mp3,8eaaeecc-159b-4537-993c-51e62219f88a,Raag Basanti Kedar
saraga_hindustani_928a430e-813e-48b0-8a23-566e74aa8dc9,human_saraga_hindustani_v1,True,1dea917a686c0281a91c141f6430185ef014fcca9414df9b9e42e44925b7b26e,92250945,https://zenodo.org/records/4301737/files/saraga1.5_hindustani.zip,saraga1.5_hindustani/Raag Shree by Kaustuv Kanti Ganguli/Raag Shree/Raag Shree.mp3.mp3,928a430e-813e-48b0-8a23-566e74aa8dc9,Raag Shree
saraga_hindustani_9310d945-c36c-4d0a-90fd-2afc8fdec1a4,human_saraga_hindustani_v1,True,51f3278411a0dc0d8f27213b6d5944999fa547a17ba1a984f4376a8f707ec0e4,13924441,https://zenodo.org/records/4301737/files/saraga1.5_hindustani.zip,saraga1.5_hindustani/Raag Mian Malhar & Ramdasi Malhar by Deborshee Bhattacharya/Raag Ramdasi Malhar/Raag Ramdasi Malhar.mp3.mp3,9310d945-c36c-4d0a-90fd-2afc8fdec1a4,Raag Ramdasi Malhar
saraga_hindustani_9880433a-b5d3-4f5e-95a2-d7aa7bfee11f,human_saraga_hindustani_v1,True,a99b4366684c8b4f0ebc15c55adf63ba2f39244fa9f62e18f3e84e48554bf1b9,35039570,https://zenodo.org/records/4301737/files/saraga1.5_hindustani.zip,saraga1.5_hindustani/Anaahata by Milind Malshe/Raag Jait Kalyan/Raag Jait Kalyan.mp3.mp3,9880433a-b5d3-4f5e-95a2-d7aa7bfee11f,Raag Jait Kalyan
saraga_hindustani_98afad39-5abc-4c96-b7af-5f2c70831066,human_saraga_hindustani_v1,True,bb79915a031ea1e3caed8390f414bb1a46c11c63aef571a9a267cf37c5854fb2,57174460,https://zenodo.org/records/4301737/files/saraga1.5_hindustani.zip,saraga1.5_hindustani/Raag Marwa & Shree by Omkar Dadarkar/Raag Marwa/Raag Marwa.mp3.mp3,98afad39-5abc-4c96-b7af-5f2c70831066,Raag Marwa
saraga_hindustani_99dcaebe-ab49-4fa3-ab6c-a9458143af8e,human_saraga_hindustani_v1,True,b61ada25695b38ac10332c923b0a4ada13e9807903b06f5f1f5225b6325cc57a,73346634,https://zenodo.org/records/4301737/files/saraga1.5_hindustani.zip,saraga1.5_hindustani/Raag Jog & Kirwani Bhajan by Kaustuv Kanti Ganguli/Raag Jog/Raag Jog.mp3.mp3,99dcaebe-ab49-4fa3-ab6c-a9458143af8e,Raag Jog
saraga_hindustani_9a2ce15a-4b28-4d10-abc7-9e05310c2e3b,human_saraga_hindustani_v1,True,5276cf13b2d10669b877b73f64b968603274c50cff4b316fdde63256cf7d5427,71537499,https://zenodo.org/records/4301737/files/saraga1.5_hindustani.zip,"saraga1.5_hindustani/Raag Abhogi, Rageshree & Khamaj by Ajoy Chakrabarty/Raag Rageshri/Raag Rageshri.mp3.mp3",9a2ce15a-4b28-4d10-abc7-9e05310c2e3b,Raag Rageshri
saraga_hindustani_9a7e51fa-61fd-4e17-bc88-93df44ee3d0c,human_saraga_hindustani_v1,True,c8b32fca0a507a5fbbe894b7a1684ed97a27b36665f02a88346f580c1147d76c,34106665,https://zenodo.org/records/4301737/files/saraga1.5_hindustani.zip,saraga1.5_hindustani/Anaahata by Milind Malshe/Raag Komal Rishav Aasavari/Raag Komal Rishav Aasavari.mp3.mp3,9a7e51fa-61fd-4e17-bc88-93df44ee3d0c,Raag Komal Rishav Aasavari
saraga_hindustani_9af146bf-4fdf-41bb-a665-eacc15741d32,human_saraga_hindustani_v1,True,160171e9d2efc63a584fe06762b7390754a72d1490f6eb0b810b24a9799e5a51,128741990,https://zenodo.org/records/4301737/files/saraga1.5_hindustani.zip,saraga1.5_hindustani/Subha Chale Sham Dhale by Ajoy Chakrabarty/Raga Lalit - Khayal/Raga Lalit - Khayal.mp3.mp3,9af146bf-4fdf-41bb-a665-eacc15741d32,Raga Lalit - Khayal
saraga_hindustani_9dcfa70f-9205-4848-8325-649cc900b12c,human_saraga_hindustani_v1,True,b299e9c6cbf8f06da6218d529bb664f5ee908acc4dc56f658ff80c4ea18d77c5,18818213,https://zenodo.org/records/4301737/files/saraga1.5_hindustani.zip,saraga1.5_hindustani/Raag Sawani & Bahar by Ulhas Kashalkar/Raag Bahar/Raag Bahar.mp3.mp3,9dcfa70f-9205-4848-8325-649cc900b12c,Raag Bahar
saraga_hindustani_9f4ba52c-935c-4066-ad79-daa709dfa6ec,human_saraga_hindustani_v1,True,81258f47d504f342f4f396e470fdb70d8a3e5747191ea40c58966b77331c66db,11413363,https://zenodo.org/records/4301737/files/saraga1.5_hindustani.zip,saraga1.5_hindustani/New Signature by Brajeshwar Mukherjee/Irani Bhairavi Thumri/Irani Bhairavi Thumri.mp3.mp3,9f4ba52c-935c-4066-ad79-daa709dfa6ec,Irani Bhairavi Thumri
saraga_hindustani_a01ac873-dff4-420f-9fd8-490dd87c58e9,human_saraga_hindustani_v1,True,6e5d3c351897dce9b2cea3a726ded0d79fde1002ef0445873064cb3a845761be,87113905,https://zenodo.org/records/4301737/files/saraga1.5_hindustani.zip,"saraga1.5_hindustani/Raag Abhogi, Rageshree & Khamaj by Ajoy Chakrabarty/Raag Abhogi/Raag Abhogi.mp3.mp3",a01ac873-dff4-420f-9fd8-490dd87c58e9,Raag Abhogi
saraga_hindustani_a1543855-9f8c-42e5-945a-5fea2727df1c,human_saraga_hindustani_v1,True,a6fa01623215b11b4130b9b4a3f9bccd4c4c56a151f30915d2fa1bc72fbf5e3a,40757337,https://zenodo.org/records/4301737/files/saraga1.5_hindustani.zip,saraga1.5_hindustani/Raag Abhogi & Megh by Anol Chatterjee/Raag Megh/Raag Megh.mp3.mp3,a1543855-9f8c-42e5-945a-5fea2727df1c,Raag Megh
saraga_hindustani_a6d77610-1084-4696-9734-79285672df16,human_saraga_hindustani_v1,True,7912e00adcca402a3875f4ee6384dd98b9b78319266dad99d54e99d81b24e466,20195578,https://zenodo.org/records/4301737/files/saraga1.5_hindustani.zip,saraga1.5_hindustani/Geetinandan : Part-3 by Ajoy Chakrabarty/Sudh Kalyan/Sudh Kalyan.mp3.mp3,a6d77610-1084-4696-9734-79285672df16,Sudh Kalyan
saraga_hindustani_a7f28ee8-49af-4572-9c9c-f06b9d85dda2,human_saraga_hindustani_v1,True,74db0150bb73f524365319a681576f461994aef9b541179251a6d902d173bac7,20363805,https://zenodo.org/records/4301737/files/saraga1.5_hindustani.zip,saraga1.5_hindustani/Raag Jog & Hameer by Brajeshwar Mukherjee/Raag Hameer/Raag Hameer.mp3.mp3,a7f28ee8-49af-4572-9c9c-f06b9d85dda2,Raag Hameer
saraga_hindustani_a9431b48-880b-4dcb-96f5-6f2c11879fb1,human_saraga_hindustani_v1,True,fb8fbbd7494a45e08c150b49a30b6d747136f70cab2ad717360700a0896c7c49,23739004,https://zenodo.org/records/4301737/files/saraga1.5_hindustani.zip,"saraga1.5_hindustani/Raag Kalyan, Bhimpalasi & Dhani by Satyasheel Deshpande/Raag Dhani/Raag Dhani.mp3.mp3",a9431b48-880b-4dcb-96f5-6f2c11879fb1,Raag Dhani
saraga_hindustani_aa3b2a92-21ee-44c6-ba84-c2d209db7fc8,human_saraga_hindustani_v1,True,981a1155972302183a6de95a229dc4b1f366f1b75c92759a8bc833f9df2dfba8,36109400,https://zenodo.org/records/4301737/files/saraga1.5_hindustani.zip,saraga1.5_hindustani/Anaahata by Milind Malshe/Raag Triveni/Raag Triveni.mp3.mp3,aa3b2a92-21ee-44c6-ba84-c2d209db7fc8,Raag Triveni
saraga_hindustani_acae4dcf-e5e7-4c8f-b17c-bfec74cabcc1,human_saraga_hindustani_v1,True,8d5fecfe5b41baf5c228f42e90f2648a0288fffbf2d717df25cf403394dd0497,1414420,https://zenodo.org/records/4301737/files/saraga1.5_hindustani.zip,saraga1.5_hindustani/Anaahata by Milind Malshe/Raag Sohani/Raag Sohani.mp3.mp3,acae4dcf-e5e7-4c8f-b17c-bfec74cabcc1,Raag Sohani
saraga_hindustani_adf0b8ea-cc74-410f-bd52-d59c08c78783,human_saraga_hindustani_v1,True,69a4adfbdde231177cbbbf7235a8edaa282f9017a0bcb93f00e4105c7f3763fb,74027952,https://zenodo.org/records/4301737/files/saraga1.5_hindustani.zip,saraga1.5_hindustani/Raag Mian Malhar & Ramdasi Malhar by Satyasheel Deshpande/Raag Mian Malhar/Raag Mian Malhar.mp3.mp3,adf0b8ea-cc74-410f-bd52-d59c08c78783,Raag Mian Malhar
saraga_hindustani_ae735e58-e8a1-4db8-9a0a-b8f83863412a,human_saraga_hindustani_v1,True,de8b50b9a667e54facdb6fa8fd69f8c9e6a24fd86d94c7b9dd503d9b361e058e,15141667,https://zenodo.org/records/4301737/files/saraga1.5_hindustani.zip,saraga1.5_hindustani/Geetinandan : Part-3 by Ajoy Chakrabarty/Multani/Multani.mp3.mp3,ae735e58-e8a1-4db8-9a0a-b8f83863412a,Multani
saraga_hindustani_aea2a29d-9ca0-4cd5-b3e9-9dcacd95165c,human_saraga_hindustani_v1,True,fd92357930bd08ca383914820ad7fb0e5efae08ad26e2357a40e5450668d3180,19348240,https://zenodo.org/records/4301737/files/saraga1.5_hindustani.zip,saraga1.5_hindustani/Raag Poorva & Gaud Malhar by Sameehan Kashalkar/Raag Gaud Malhar/Raag Gaud Malhar.mp3.mp3,aea2a29d-9ca0-4cd5-b3e9-9dcacd95165c,Raag Gaud Malhar
saraga_hindustani_b07c744e-c3ad-4bb8-b7e3-9a7ef979ea20,human_saraga_hindustani_v1,True,ab88a5a3ac69aa01aff892b772726efb5dacbf81f7657e325b208140932dae25,25151813,https://zenodo.org/records/4301737/files/saraga1.5_hindustani.zip,saraga1.5_hindustani/Raag Bageshree & Bhairavi Bhajan by Satyasheel Deshpande/Bhairavi Bhajan/Bhairavi Bhajan.mp3.mp3,b07c744e-c3ad-4bb8-b7e3-9a7ef979ea20,Bhairavi Bhajan
saraga_hindustani_b3849502-db24-4042-9d61-299de0211423,human_saraga_hindustani_v1,True,e9b27c47451a3f96c1bec62fb4650b8fa8911761f858924a67ec3282c254ebdd,9656236,https://zenodo.org/records/4301737/files/saraga1.5_hindustani.zip,saraga1.5_hindustani/Geetinandan : Part-3 by Ajoy Chakrabarty/Lyrics of all the Bandishes/Lyrics of all the Bandishes.mp3.mp3,b3849502-db24-4042-9d61-299de0211423,Lyrics of all the Bandishes
saraga_hindustani_b3a43a82-b3c3-49bf-bd3d-db561c1ec355,human_saraga_hindustani_v1,True,c23a90a00160857c3619e8aa4a0a88c5192757308283a8ce6c04f9f16ae5e431,73175902,https://zenodo.org/records/4301737/files/saraga1.5_hindustani.zip,saraga1.5_hindustani/Raag Shree by Deborshee Bhattacharya/Raag Shree/Raag Shree.mp3.mp3,b3a43a82-b3c3-49bf-bd3d-db561c1ec355,Raag Shree
saraga_hindustani_b4e6f413-a94e-4b8f-9088-0172bd443e3f,human_saraga_hindustani_v1,True,bd813326b5ab9278353e41e888470c85d9c75f3be724d9372fcb0d914a34c8fe,62482621,https://zenodo.org/records/4301737/files/saraga1.5_hindustani.zip,saraga1.5_hindustani/Raag Bhoopali & Paraj by Sameehan Kashalkar/Raag Bhoopali/Raag Bhoopali.mp3.mp3,b4e6f413-a94e-4b8f-9088-0172bd443e3f,Raag Bhoopali
saraga_hindustani_b71c2774-2532-4692-8761-5452e2a83118,human_saraga_hindustani_v1,True,e2b316c842057f44a2b2500b672bd07236ad8b90436198326c06f57780fa515e,20463631,https://zenodo.org/records/4301737/files/saraga1.5_hindustani.zip,saraga1.5_hindustani/Geetinandan : Part-3 by Ajoy Chakrabarty/Bairagi/Bairagi.mp3.mp3,b71c2774-2532-4692-8761-5452e2a83118,Bairagi
saraga_hindustani_b77a3149-40fa-4e28-8205-cd4f006f60a1,human_saraga_hindustani_v1,True,e6dca38fcf353a1084804723faa14dce41bf18c5efb7ca767a1e6506b47cf460,7606507,https://zenodo.org/records/4301737/files/saraga1.5_hindustani.zip,saraga1.5_hindustani/Geetinandan : Part-3 by Ajoy Chakrabarty/Malkauns/Malkauns.mp3.mp3,b77a3149-40fa-4e28-8205-cd4f006f60a1,Malkauns
saraga_hindustani_b7e9ec27-9777-456c-b7b6-bcfe2936e5e7,human_saraga_hindustani_v1,True,8cfd2b9f34809be20146364e570b8c93cd7d7c1b61953f77e088a75c227d8d58,27177038,https://zenodo.org/records/4301737/files/saraga1.5_hindustani.zip,saraga1.5_hindustani/Anaahata by Milind Malshe/Raag Khat Todi/Raag Khat Todi.mp3.mp3,b7e9ec27-9777-456c-b7b6-bcfe2936e5e7,Raag Khat Todi
saraga_hindustani_bcb1c58d-e3f1-4fb7-a026-7d5a56c59107,human_saraga_hindustani_v1,True,55b8f1fe55d37a77e9fd8e4badebaa9dc69456122ecee5969db05c5935a22ffd,44889440,https://zenodo.org/records/4301737/files/saraga1.5_hindustani.zip,saraga1.5_hindustani/Raag Bhimpalasi & Multani by Omkar Dadarkar/Raag Bhimpalasi/Raag Bhimpalasi.mp3.mp3,bcb1c58d-e3f1-4fb7-a026-7d5a56c59107,Raag Bhimpalasi
saraga_hindustani_bfefde58-4eb2-49b0-9c63-7e4ce1070e61,human_saraga_hindustani_v1,True,0845199c364b4a894275ebeb7b41321b0c366612d5a45194a3de8e60e67f4979,84468880,https://zenodo.org/records/4301737/files/saraga1.5_hindustani.zip,saraga1.5_hindustani/Raag Bhoopali & Gavti by Omkar Dadarkar/Raag Bhoopali/Raag Bhoopali.mp3.mp3,bfefde58-4eb2-49b0-9c63-7e4ce1070e61,Raag Bhoopali
saraga_hindustani_c29c842f-6cc9-4beb-aaaa-1afa8cd0bc5d,human_saraga_hindustani_v1,True,2fddefac2df193e354564ef59819221faaf5d80fc50a37c415ba7a321ee58442,20086587,https://zenodo.org/records/4301737/files/saraga1.5_hindustani.zip,saraga1.5_hindustani/Anaahata by Milind Malshe/Raag Sooha Kanada/Raag Sooha Kanada.mp3.mp3,c29c842f-6cc9-4beb-aaaa-1afa8cd0bc5d,Raag Sooha Kanada
saraga_hindustani_c2d94545-9d2f-4197-8902-c1a1bdcb72f8,human_saraga_hindustani_v1,True,a6ee4e5b68c8fadb96e226a800b195eb1a282e64bb78b737916f77fe21e565b1,16199034,https://zenodo.org/records/4301737/files/saraga1.5_hindustani.zip,saraga1.5_hindustani/Raag Mian Malhar & Ramdasi Malhar by Satyasheel Deshpande/Raag Ramdasi Malhar/Raag Ramdasi Malhar.mp3.mp3,c2d94545-9d2f-4197-8902-c1a1bdcb72f8,Raag Ramdasi Malhar
saraga_hindustani_c556b631-111f-42e8-aa98-e02f0777be9e,human_saraga_hindustani_v1,True,e6c75b39e2f44ea6174af4bfe58f1036a1502b392c2439016685bdefba70be18,35917662,https://zenodo.org/records/4301737/files/saraga1.5_hindustani.zip,"saraga1.5_hindustani/Raag Abhogi, Rageshree & Khamaj by Ajoy Chakrabarty/Raag Khamaj/Raag Khamaj.mp3.mp3",c556b631-111f-42e8-aa98-e02f0777be9e,Raag Khamaj
saraga_hindustani_c5692011-a1e4-469b-a978-15a516c7b1c4,human_saraga_hindustani_v1,True,bfcf7e13d57f3b7de292ac8eb119fc57c37815663f49da974f81cf2f9d006876,36598893,https://zenodo.org/records/4301737/files/saraga1.5_hindustani.zip,saraga1.5_hindustani/Raag Sawani & Bahar by Ulhas Kashalkar/Raag Sawani/Raag Sawani.mp3.mp3,c5692011-a1e4-469b-a978-15a516c7b1c4,Raag Sawani
saraga_hindustani_c73c038c-df41-43f9-a272-916b1f2e1fc7,human_saraga_hindustani_v1,True,3b281a7957f3771c5611bcf3be560cc540e8b1cba3487425e0aaa7fa34bc17db,34127462,https://zenodo.org/records/4301737/files/saraga1.5_hindustani.zip,"saraga1.5_hindustani/Raag Bahar, Gaud Malhar & Yaman by Omkar Dadarkar/Raag Bahar/Raag Bahar.mp3.mp3",c73c038c-df41-43f9-a272-916b1f2e1fc7,Raag Bahar
saraga_hindustani_c76cadd9-9e7b-4e9e-96dc-f79a9a8eed78,human_saraga_hindustani_v1,True,4f83123ee8a5baa63f2441776557089fdbe0dfcfcb456d95eb3a6a4bb4f37e2b,30681651,https://zenodo.org/records/4301737/files/saraga1.5_hindustani.zip,"saraga1.5_hindustani/Raag Bahar, Gaud Malhar & Yaman by Omkar Dadarkar/Raag Yaman/Raag Yaman.mp3.mp3",c76cadd9-9e7b-4e9e-96dc-f79a9a8eed78,Raag Yaman
saraga_hindustani_c80561d6-5e81-42bb-b404-ac659741b643,human_saraga_hindustani_v1,True,e42b5873c50243b08675f83c7c536bec40a8cbcc75b79a904e6b12d2895f1c60,48882314,https://zenodo.org/records/4301737/files/saraga1.5_hindustani.zip,"saraga1.5_hindustani/Raag Shree, Lalit Pancham & Bhairavi Thumri by Kaustuv Kanti Ganguli/Raag Lalit Pancham/Raag Lalit Pancham.mp3.mp3",c80561d6-5e81-42bb-b404-ac659741b643,Raag Lalit Pancham
saraga_hindustani_cf1b51f3-aa25-4fb2-bf63-f0271448abf0,human_saraga_hindustani_v1,True,3332545aaa83a2f755a520e5f0b547358a96fc167e81c8bbb552f2cc9aad8eaa,23235978,https://zenodo.org/records/4301737/files/saraga1.5_hindustani.zip,saraga1.5_hindustani/Raag Lagan Gandhar & Nirgun Bhajan by Kumar Gandharva/Nirgun Bhajan/Nirgun Bhajan.mp3.mp3,cf1b51f3-aa25-4fb2-bf63-f0271448abf0,Nirgun Bhajan
saraga_hindustani_d0781259-2c63-4b35-8ca3-75c19a98e275,human_saraga_hindustani_v1,True,ee3018e5537d8c83bc301e714180d440fb4fe77b7c2305e78d4a2a9a406c79b8,43842366,https://zenodo.org/records/4301737/files/saraga1.5_hindustani.zip,saraga1.5_hindustani/Raag Jog & Hameer by Brajeshwar Mukherjee/Raag Jog/Raag Jog.mp3.mp3,d0781259-2c63-4b35-8ca3-75c19a98e275,Raag Jog
saraga_hindustani_d2b7d16c-d6c2-4ed0-9b63-312217b02a9e,human_saraga_hindustani_v1,True,709a0507340128cd52dc2a1601cd912bc5745b0bcc90d7816a19c75856d0f883,17772570,https://zenodo.org/records/4301737/files/saraga1.5_hindustani.zip,saraga1.5_hindustani/Raag Lalit & Bibhas by Omkar Dadarkar/Raag Bibhas/Raag Bibhas.mp3.mp3,d2b7d16c-d6c2-4ed0-9b63-312217b02a9e,Raag Bibhas
saraga_hindustani_d7a57d81-a5dd-44d8-aabf-951cb8f73fe2,human_saraga_hindustani_v1,True,e7076e9d5598d50347c2bf3bee55214727da79c192a2a88b798bee31a3df5079,7821580,https://zenodo.org/records/4301737/files/saraga1.5_hindustani.zip,saraga1.5_hindustani/Geetinandan : Part-3 by Ajoy Chakrabarty/Kalavati/Kalavati.mp3.mp3,d7a57d81-a5dd-44d8-aabf-951cb8f73fe2,Kalavati
saraga_hindustani_da0c6431-10b5-44b9-8ba4-57023fd45914,human_saraga_hindustani_v1,True,408ff9d364acabbb7c7dfb35d790b9ca7974aa331971c9158a3f12b218290fc9,14023250,https://zenodo.org/records/4301737/files/saraga1.5_hindustani.zip,saraga1.5_hindustani/Anaahata by Milind Malshe/Raag Khokar/Raag Khokar.mp3.mp3,da0c6431-10b5-44b9-8ba4-57023fd45914,Raag Khokar
saraga_hindustani_dc09e696-88d1-427f-bb1b-92d899ed9af1,human_saraga_hindustani_v1,True,4dfc99dec56299ab6bc5385597e3c796412b1570912331b7fb8d4c4a1b2c58bd,97311050,https://zenodo.org/records/4301737/files/saraga1.5_hindustani.zip,saraga1.5_hindustani/Raag Kedar & Jog by Ajoy Chakrabarty/Raag Kedar/Raag Kedar.mp3.mp3,dc09e696-88d1-427f-bb1b-92d899ed9af1,Raag Kedar
saraga_hindustani_dd875fec-377f-4565-98ca-cc9cf6397995,human_saraga_hindustani_v1,True,b9265db65e7a65292bdbd606ebb38f4e9c25650f587d378c694f85d702c5566b,7855117,https://zenodo.org/records/4301737/files/saraga1.5_hindustani.zip,saraga1.5_hindustani/Hindustani Alaps by Kaustuv Kanti Ganguli/Raag Marwa/Raag Marwa.mp3.mp3,dd875fec-377f-4565-98ca-cc9cf6397995,Raag Marwa
saraga_hindustani_e40375a2-01d2-4137-823a-3e62503baf98,human_saraga_hindustani_v1,True,21de5e8e2af1dbf8d156207f3129a25af4b17fff23fa264ea23c4bd661582f5b,43839138,https://zenodo.org/records/4301737/files/saraga1.5_hindustani.zip,saraga1.5_hindustani/Raag Abhogi & Megh by Anol Chatterjee/Raag Abhogi/Raag Abhogi.mp3.mp3,e40375a2-01d2-4137-823a-3e62503baf98,Raag Abhogi
saraga_hindustani_e76e4ee3-bf5c-4d47-bb69-92b8d93035d8,human_saraga_hindustani_v1,True,73821f0014c4782835afb5b9d18f7c518bf6f060910c63a98c80dca9c629fc98,41735748,https://zenodo.org/records/4301737/files/saraga1.5_hindustani.zip,saraga1.5_hindustani/Raag Bhoopali & Gavti by Omkar Dadarkar/Raag Gavti/Raag Gavti.mp3.mp3,e76e4ee3-bf5c-4d47-bb69-92b8d93035d8,Raag Gavti
saraga_hindustani_ea36cb14-7c11-41d0-acb8-70ec66e61063,human_saraga_hindustani_v1,True,e37d2d685eefdc00abafaa737c25555cc2fdddd22c66ba9ea275e2e4a9278506,79918307,https://zenodo.org/records/4301737/files/saraga1.5_hindustani.zip,saraga1.5_hindustani/New Signature by Brajeshwar Mukherjee/Raag Bairagi/Raag Bairagi.mp3.mp3,ea36cb14-7c11-41d0-acb8-70ec66e61063,Raag Bairagi
saraga_hindustani_ecf28526-9da7-43c6-b039-ed9f7e6ca50b,human_saraga_hindustani_v1,True,24216af48bffc637f824dee71da6b4a3bc6a3781d9fa2c773db6aadae01b8876,33098498,https://zenodo.org/records/4301737/files/saraga1.5_hindustani.zip,saraga1.5_hindustani/Raag Puriya & Bhimpalasi by Brajeshwar Mukherjee/Raag Puriya/Raag Puriya.mp3.mp3,ecf28526-9da7-43c6-b039-ed9f7e6ca50b,Raag Puriya
saraga_hindustani_ee7cec18-bc81-4b96-8778-9bda53c8c86e,human_saraga_hindustani_v1,True,27d57a1f0b41287f509a54f78addea417b8de6973c5542afaacdb8ce1197b95d,52531154,https://zenodo.org/records/4301737/files/saraga1.5_hindustani.zip,"saraga1.5_hindustani/Raag Kalyan, Bhimpalasi & Dhani by Satyasheel Deshpande/Raag Kalyan/Raag Kalyan.mp3.mp3",ee7cec18-bc81-4b96-8778-9bda53c8c86e,Raag Kalyan
saraga_hindustani_f0bc477f-03a7-44c5-8e63-cef7f8692c08,human_saraga_hindustani_v1,True,08fe5c8b428b244dfaf095f0cb3ca55578bc129e7f17a246fa61dc8c995e136c,14126042,https://zenodo.org/records/4301737/files/saraga1.5_hindustani.zip,saraga1.5_hindustani/Raag Bhatiyar & Bhairavi Thumri by Kaustuv Kanti Ganguli/Bhairavi Thumri/Bhairavi Thumri.mp3.mp3,f0bc477f-03a7-44c5-8e63-cef7f8692c08,Bhairavi Thumri
saraga_hindustani_f0ce173e-e69b-4baf-8c23-cdd63fd15ab1,human_saraga_hindustani_v1,True,5acc8e0c1de7285d978495f7f8abb62af4e9a5378df496a4da9400d4313a1a68,94426457,https://zenodo.org/records/4301737/files/saraga1.5_hindustani.zip,saraga1.5_hindustani/Raag Bihag by Deborshee Bhattacharya/Raag Bihag/Raag Bihag.mp3.mp3,f0ce173e-e69b-4baf-8c23-cdd63fd15ab1,Raag Bihag
saraga_hindustani_f3313201-ab83-4633-b463-60b862ab1a21,human_saraga_hindustani_v1,True,a86fce38f239ba809a5fdcecbac6aba0643eec8ff2f107fa9adbe76ecc1d8959,62858257,https://zenodo.org/records/4301737/files/saraga1.5_hindustani.zip,saraga1.5_hindustani/Raag Marwa & Shree by Omkar Dadarkar/Raag Shree/Raag Shree.mp3.mp3,f3313201-ab83-4633-b463-60b862ab1a21,Raag Shree
saraga_hindustani_f49ac932-a7d3-4031-ae44-acf5ea47eca1,human_saraga_hindustani_v1,True,341143a284476e436455ca7c86ba12fad1be747bafa5710410f3198c25442db1,53363174,https://zenodo.org/records/4301737/files/saraga1.5_hindustani.zip,"saraga1.5_hindustani/Raag Kalyan, Bhimpalasi & Dhani by Satyasheel Deshpande/Raag Bhimpalasi/Raag Bhimpalasi.mp3.mp3",f49ac932-a7d3-4031-ae44-acf5ea47eca1,Raag Bhimpalasi
saraga_hindustani_f5d00c2d-5ca1-4a49-bb38-1af3496e6dfc,human_saraga_hindustani_v1,True,a20a92d53d488015327730761a38f5badde1ed2d467f48801b301ae26098c019,17036527,https://zenodo.org/records/4301737/files/saraga1.5_hindustani.zip,saraga1.5_hindustani/Raag Bihag & Bhairavi Dadra by Omkar Dadarkar/Bhairavi Dadra/Bhairavi Dadra.mp3.mp3,f5d00c2d-5ca1-4a49-bb38-1af3496e6dfc,Bhairavi Dadra
saraga_hindustani_f89ad73c-88a0-4cb4-b8cc-e5241a77d8b9,human_saraga_hindustani_v1,True,4b73cce8b53f36c51a74f66676a3361b78e6cc29d0b5083e08dd0d95b703c747,15120345,https://zenodo.org/records/4301737/files/saraga1.5_hindustani.zip,saraga1.5_hindustani/Raag Jog & Kirwani Bhajan by Kaustuv Kanti Ganguli/Kirwani Bhajan/Kirwani Bhajan.mp3.mp3,f89ad73c-88a0-4cb4-b8cc-e5241a77d8b9,Kirwani Bhajan
